ID,Language_ID,Primary_Text,Analyzed_Word,Gloss,Translated_Text,Meta_Language_ID,Comment,Text_ID,Source
ctorat-01,yab, makë ya ta taji rë,makë\tya\tta\ttaji\trë,mother\tERG\tlike\t?\tEMP,My mother told this (story).,,,CtoRat,
ctorat-02,yab, waijta,waijta,***,The mice.,,,CtoRat,
ctorat-03,yab, enijpëtërë waraijtokomo ijtëse ti mïjna tëijpo wïnïjse,enijpëtërë\twaraijtokomo\tijtëse\tti\tmïjna\ttëijpo\twïnïjse,one\tman\t***\t***\t***\tfar\t***,"A man went there, far, to sleep.",,,CtoRat,
ctorat-04,yab, yutu yaka,yutu\tyaka,forest\tALL,To the woods.,,,CtoRat,
ctorat-05,yab, irëjpë ti ta ti ta,irëjpë\tti\tta\tti\tta,***\t***\tlike\t***\tlike,Then she said:,,,CtoRat,
ctorat-06,yab, wïnïjse,wïnïjse,***,He slept.,,,CtoRat,
ctorat-07,yab, tawani yawë senejka wejsapë irëjpë ënujse kawë,tawani\tyawë\tsenejka\twejsapë\tirëjpë\tënujse\tkawë,***\tLOC\t***\t***\t***\t***\t***,He was staying in the dark and then went up high (in the house).,,,CtoRat,
ctorat-08,yab, kawë ënujse irëjpë,kawë\tënujse\tirëjpë,***\t***\t***,He went up high and then...,,,CtoRat,
ctorat-09,yab, ti waijtaton nwajtë wejsapë,ti\twaijtaton\tnwajtë\twejsapë,***\t***\t***\t***,The mice were dancing.,,,CtoRat,
ctorat-10,yab, sakunkai sakunkai,sakunkai\tsakunkai,sakunkai\tsakunkai,"Sakunkai, Sakunkai.",,,CtoRat,
ctorat-11,yab,""" sakunkai"" ta ta irëjpë"" sakunkai""",sakunkai\tta\tta\tirëjpë\tsakunkai,sakunkai\tlike\tlike\t***\tsakunkai,"“Sakunkai”, they said, and then “Sakunkai”.",,,CtoRat,
ctorat-12,yab, wurijyampïjkë kantajnë tawara rë wejsapë,wurijyampïjkë\tkantajnë\ttawara\trë\twejsapë,***\t***\t***\tEMP\t***,"The female was singing, too.",,,CtoRat,
ctorat-13,yab, tëwï naikonton ti tawara,tëwï\tnai-∅-konton\tti\ttawara,***\tdo-IPFV-PL\t***\t***,They did like this.,,,CtoRat,
ctorat-14,yab, okï yëni tajne ya soj soj soj,okï\tyëni-∅\tta-jne\t?\tsoj\tsoj\tsoj,***\tdrink-IPFV\t3-PL\t?\t***\t***\t***,"They drank chicha, splash.",,,CtoRat,
ctorat-15,yab, tajne naijpëtiri warë,ta-jne\tnaij-pëti-ri\twarë,3-PL\tdo-PLUR-IPFV\t***,They did like this.,,,CtoRat,
ctorat-16,yab, irëjpë tëwï waijtatomo nwajtëri,irëjpë\ttëwï\twaijtatomo\tnwajtëri,***\t***\t***\t***,Then the mice were dancing.,,,CtoRat,
ctorat-17,yab, waijtatomo ëjwenakase,waijtatomo\tëjwenakase,***\t***,The mice vomited.,,,CtoRat,
ctorat-18,yab, irë wejtane ti,irë\twejtane\tti,***\t***\t***,But it was like this:,,,CtoRat,
ctorat-19,yab, pïrarë ti iwenaru wejsapë,pïrarë\tti\tiwenaru\twejsapë,***\t***\t***\t***,Their vomit was not there.,,,CtoRat,
ctorat-20,yab, wenaru pïrarë,wenaru\tpïrarë,***\t***,There was no vomit.,,,CtoRat,
ctorat-21,yab, ta ti ta tëwï waraijtokomo ya,ta\tti\tta\ttëwï\twaraijtokomo\t?,like\t***\tlike\t***\tman\t?,said the man (?).,,,CtoRat,
ctorat-22,yab, sujtase ti wejsapë,sujtase\tti\twejsapë,***\t***\t***,He urinated.,,,CtoRat,
ctorat-23,yab, aaa usukuru morone ta wïrë usujta ta ne,aaa\tu-suku-ru\tmorone\tta\twïrë\tu-suj-ta-∅\tta\tne,***\t1-urine-PERT\t***\tlike\t***\t1-urine-VBZ-IPFV\tlike\tINTS,"My urine hurts, I will urinate.",,,CtoRat,
ctorat-24,yab, warë sujtase,warë\tsujtase,***\t***,Then he urinated.,,,CtoRat,
ctorat-25,yab, irëjpë ta ti ta konopo wejsarë konopo wejsarë,irëjpë\tta\tti\tta\tkonopo\twejsarë\tkonopo\twejsarë,***\tlike\t***\tlike\t***\t***\t***\t***,"Then they said: “it’s raining, it’s raining”.",,,CtoRat,
ctorat-26,yab, ta ti ta waijtatomo ya,ta\tti\tta\twaijtatomo\t?,like\t***\tlike\t***\t?,...said the mice.,,,CtoRat,
ctorat-27,yab, irëjpë pïrarë ti warë irëjpë warë,irëjpë\tpïrarë\tti\twarë\tirëjpë\twarë,***\t***\t***\t***\t***\t***,Then there was nothing.,,,CtoRat,
ctorat-28,yab, irëjpë tawejka yawë,irëjpë\ttawejka\tyawë,***\t***\tLOC,"Then, in the morning...",,,CtoRat,
ctorat-29,yab, waijtatomojpë ijtëse ti,waijtatomojpë\tijtëse\tti,***\t***\t***,the mice went away.,,,CtoRat,
ctorat-30,yab, tipasekontomo warë irëjpë pïrarë,tipasekontomo\twarë\tirëjpë\tpïrarë,***\t***\t***\t***,They left and were gone.,,,CtoRat,
ctorat-31,yab, ëjwenakajpë tainpëtiri waraijtokomo tëwï,ëjwenakajpë\ttainpëtiri\twaraijtokomo\ttëwï,***\t***\tman\t***,The man saw their vomit.,,,CtoRat,
ctorat-32,yab, waraijtokomo ya inpëti ti,waraijtokomo\tya\tinpëti\tti,man\tOBL\t***\t***,He saw it.,,,CtoRat,
ctorat-33,yab, irëjpë ti wenakajpë mare pïrarë ti,irëjpë\tti\twenakajpë\tmare\tpïrarë\tti,***\t***\t***\tREL.INAN\t***\t***,Then there was nothing of their vomit.,,,CtoRat,
ctorat-34,yab, ëkëtë mërë ëkï,ëkëtë\tmë-rë\tëkï,where\t2-EMP\tmanioc.beer,Where is the chicha?,,,CtoRat,
ctorat-35,yab, ëkï ta rë pïrarë wenarujpë ta rë pïrarë,ëkï\tta\trë\tpïrarë\twenarujpë\tta\trë\tpïrarë,manioc.beer\tlike\tEMP\t***\t***\tlike\tEMP\t***,The chicha was gone and so was the vomit.,,,CtoRat,
ctorat-36,yab, ta ti wejsaj ti tëwï,ta\tti\twejsaj\tti\ttëwï,like\t***\t***\t***\t***,...he said.,,,CtoRat,
ctorat-37,yab, waijtatomo nwajtë mare,waijtatomo\tnwajtë\tmare,***\t***\tREL.INAN,The mice were dancing.,,,CtoRat,
ctorat-38,yab, ëjtë kërëjpë yawë nwajtëkonton ti wejsapë waijta,ëjtë\tkërëjpë\tyawë\tnwajtëkonton\tti\twejsapë\twaijta,house\t***\tLOC\t***\t***\t***\t***,In the old house the mice were dancing.,,,CtoRat,
ctorat-39,yab, sukase nwajtëri irëjpë ti warë,sukase\tnwajtëri\tirëjpë\tti\twarë,***\t***\t***\t***\t***,"They were all dancing, then.",,,CtoRat,
ctorat-40,yab, tipapëjsejne waijtajne,tipapëjsejne\twaijtajne,***\t***,the mice went away.,,,CtoRat,
ctorat-41,yab, ajpachi yaka pïnika ëkëjna neke wonse,ajpachi\tyaka\tpïnika\tëkëjna\tneke\twonse,***\tALL\t***\twhere.to\t***\t***,"Probably to the woods, dunno where they went.",,,CtoRat,
ctorat-42,yab, tëwï ajpachi yaka wonse pïnika tëwï,tëwï\tajpachi\tyaka\twonse\tpïnika\ttëwï,***\t***\tALL\t***\t***\t***,Maybe they went to the woods.,,,CtoRat,
ctorat-43,yab, tëwï ma tase makë ya,tëwï\tma\ttase\tmakë\t?,***\tRESTR\t***\tmother\t?,That’s what my mother said.,,,CtoRat,
ctorat-44,yab, tawara ma ta ti wejsapë tëwï waraijtokon maniki,tawara\tma\tta\tti\twejsapë\ttëwï\twaraijtokon\tmaniki,***\tRESTR\tlike\t***\t***\t***\tman\t?,That’s all she said.,,,CtoRat,
ctorat-45,yab, irëjpë ijtëse,irëjpë\tijtëse,***\t***,Then the man went.,,,CtoRat,
ctorat-46,yab, tïwïj yaka waraijtokomo manikijpë,tïwïj\tyaka\twaraijtokomo\tmaniki-jpë,***\tALL\tman\t?-PST,He went to his house.,,,CtoRat,
convrisamaj-01,yab," ati rë warai mërë iniri, irëjpë mëyarika ti",ati\trë\twarai\tmë-rë\tiniri\tirëjpë\tmë-yarika-∅\tti,***\tEMP\t***\t2-EMP\t***\t***\t2-laugh-IPFV\t***,You see something and then you laugh.,,,ConvRisaMAJ,
convrisamaj-02,yab," mëyaruwari, mëpëkëpene",më-yaruwa-ri\tmë-pëkëpene,2-laugh-IPFV\t2-alone,You just laugh.,,,ConvRisaMAJ,
convrisamaj-03,yab," ejnë pëkëpene ejnë yaruwaja, ënka wanene",ejnë\tpëkëpene\tejnë\tyaruwaja\t?\twanene,1+2PRO\talone\t1+2PRO\t***\t?\t***,"We don’t just laugh, right, aunt?",,,ConvRisaMAJ,
convrisamaj-04,yab, wïrë yaruwarijra###,wïrë\tyaruwarijra,***\t***,I don’t laugh.,,,ConvRisaMAJ,
convrisamaj-05,yab," ejnë yaruwari tajne yakarama pëkë rë nwarë, nope esene mare, tawara neke ne, ënka",ejnë\tyaruwari\tta-jne\tyakarama\tpëkë\trë\t?\tnope\tesene\tmare\ttawara\tneke\tne\t?,1+2PRO\t***\t3-PL\t***\ton.surface\tEMP\t?\t***\t***\tREL.INAN\t***\t***\tINTS\t?,"We laugh when somebody tells (us) something, something you see well, like that, right.",,,ConvRisaMAJ,
convrisamaj-06,yab,¿ kwase ejnë yaruwari?,kwase\tejnë\tyaruwari,***\t1+2PRO\t***,How will we laugh?,,,ConvRisaMAJ,
convrisamaj-07,yab," wïrë yaruwakempïnirë, mëkïsantomo a-ja-ja tajtane",wïrë\tyaruwakempïnirë\tmëkïsantomo\tajaja\ttajtane,***\t***\t***\thahaha\t***,"I don’t laugh, but they are saying “hahaha”.",,,ConvRisaMAJ,
convrisamaj-08,yab,"¡ kï%¡¿ mokontomo serekapojra ka mokontomo yaruwari%¿ wïrë yaruwarijra taro wïrë, ta ta wïrë ya",kï\tmokontomo\tserekapojra\tka\tmokontomo\tyaruwari\twïrë\tyaruwarijra\ttaro\twïrë\tta\tta\twïrë\t?,oh\t***\t***\t***\t***\t***\t***\t***\t***\t***\tlike\tlike\t***\t?,"Oh! You don’t get tired of laughing? I don’t laugh, is what I’m saying.",,,ConvRisaMAJ,
convrisamaj-09,yab," tëwï neke ne, tajne yakarama pokono nwarë tajne iri mïntë, tunampe",tëwï\tneke\tne\tta-jne\tyakarama\tpoko-no\t?\tta-jne\tiri\tmïntë\ttunampe,***\t***\tINTS\t3-PL\t***\ton.surface-NMLZ\t?\t3-PL\t***\t***\t***,"Yes indeed, they tell what they are doing there on the down-low.",,,ConvRisaMAJ,
convrisamaj-10,yab," tajne yarikari irëjpë, tajne yakarama pokono",ta-jne\tyarikari\tirëjpë\tta-jne\tyakarama\tpoko-no,3-PL\t***\t***\t3-PL\t***\ton.surface-NMLZ,They laugh because they tell it.,,,ConvRisaMAJ,
convrisamaj-11,yab," tawaja ejnë, ejnë neke ne, ejnë pëkëpene ejnë yarikaja",tawaja\tejnë\tejnë\tneke\tne\tejnë\tpëkëpene\tejnë\tyarikaja,***\t1+2PRO\t1+2PRO\t***\tINTS\t1+2PRO\talone\t1+2PRO\t***,"We’re not like that, we don’t just laugh.",,,ConvRisaMAJ,
convrisamaj-12,yab,¿ ati ejnë yaruwari?,ati\tejnë\tyaruwari,***\t1+2PRO\t***,What are we going to laugh about?,,,ConvRisaMAJ,
convrisamaj-13,yab," pïrarë, seneja ejnë yarikatopo",pïrarë\tseneja\tejnë\tyarikatopo,***\t***\t1+2PRO\t***,"Nothing, there’s nothing for us to laugh.",,,ConvRisaMAJ,
convrisamaj-14,yab, nwarë ti ta ta,?\tti\tta\tta,?\t***\tlike\tlike,That’s what I say.,,,ConvRisaMAJ,
convrisamaj-15,yab, taitapo ti,taitapo\tti,***\t***,I want to hear it.,,,ConvRisaMAJ,
convrisamaj-16,yab,¿ ati ta ta?,ati\tta\tta,***\tlike\tlike,What are you saying?,,,ConvRisaMAJ,
convrisamaj-17,yab, chiri ma wïrë taro,chi-ri\tma\twïrë\ttaro,COP-IPFV\tRESTR\t***\t***,That’s all I’m saying.,,,ConvRisaMAJ,
convrisamaj-18,yab," tawarama taro wïrë, wïrë yewenke",tawarama\ttaro\twïrë\twïrë\ty-ewenke,***\t***\t***\t***\tLK-not.know,"That’s all I’m saying, too, I don’t know.",,,ConvRisaMAJ,
convrisamaj-19,yab,¿ ati pëkë ejnë yaruwari?,ati\tpëkë\tejnë\tyaruwari,***\ton.surface\t1+2PRO\t***,What are we going to laugh about?,,,ConvRisaMAJ,
convrisamaj-20,yab,### yaruwakempïnirë wïrë,yaruwakempïnirë\twïrë,***\t***,I don’t laugh.,,,ConvRisaMAJ,
convrisamaj-21,yab," wïrë yaruwakempïnirë wïrë senejkarï uyïwïj yaka sukuri, jwama",wïrë\tyaruwakempïnirë\twïrë\tsenejkarï\tuyïwïj\tyaka\tsuku-ri\tjwama,***\t***\t***\t***\t***\tALL\turine-PERT\t***,"I don’t laugh, I silently stay in my house.",,,ConvRisaMAJ,
convrisamaj-22,yab, mëkïsantomo yaruwari wïrë itari,mëkïsantomo\tyaruwari\twïrë\titari,***\t***\t***\t***,They’re laughing and I’m listening.,,,ConvRisaMAJ,
convrisamaj-23,yab," kï, serekapojra ka mokontomo yaruwari",kï\tserekapojra\tka\tmokontomo\tyaruwari,oh\t***\t***\t***\t***,"Ugh, don’t you get tired from laughing so much?",,,ConvRisaMAJ,
convrisamaj-24,yab, wïrë wajyakïtïjra taro wïrë ta wïrë ya,wïrë\twajyakïtïjra\ttaro\twïrë\tta\twïrë\t?,***\t***\t***\t***\tlike\t***\t?,I’m saying I am not happy.,,,ConvRisaMAJ,
convrisamaj-25,yab, kajkë,kaj-kë,say-IMP,You’re right.,,,ConvRisaMAJ,
convrisamaj-26,yab,### ta wejsaj wïrë,ta\twejsaj\twïrë,like\t***\t***,### I say.,,,ConvRisaMAJ,
convrisamaj-27,yab," tawaraij wïrë, yaruwakempïnirë,",tawaraij\twïrë\tyaruwakempïnirë,***\t***\t***,"I’m not like that, I don’t laugh.",,,ConvRisaMAJ,
convrisamaj-28,yab, uyïwïj yawë usenejkari sukuri jwama,uyïwïj\tyawë\tu-senejka-ri\tsuku-ri\tjwama,***\tLOC\t1-remain-IPFV\turine-PERT\t***,I silently stay in my house.,,,ConvRisaMAJ,
convrisamaj-29,yab, nope seneja chipokono ejnë pana nope seneja chipokono ejnë yaruwatopo pïrärë,nope\tseneja\tchi=poko-no\tejnë\tpana\tnope\tseneja\tchi=poko-no\tejnë\tyaruwatopo\tpïrärë,***\t***\tCOP=on.surface-NMLZ\t1+2PRO\tDAT\t***\t***\tCOP=on.surface-NMLZ\t1+2PRO\t***\t***,"We don’t see anything good, so we don’t laugh.",,,ConvRisaMAJ,
convrisamaj-30,yab," inkë, irë nwa chipëkë",inkë\tirë\tnwa\tchi=pëkë,***\t***\tdance\tCOP=on.surface,"You see, that’s why.",,,ConvRisaMAJ,
convrisamaj-31,yab, mërë nwa chipokono ejnë yarikaja,më-rë\tnwa\tchi=poko-no\tejnë\tyarikaja,2-EMP\tdance\tCOP=on.surface-NMLZ\t1+2PRO\t***,That’s why we don’t laugh.,,,ConvRisaMAJ,
convrisamaj-32,yab, tëwïsantomo neke ne yaruwatëpëkë ma rë chikontomo,tëwïsantomo\tneke\tne\tyaruwatëpëkë\tma\trë\tchi-∅-kontomo,***\t***\tINTS\t***\tRESTR\tEMP\tCOP-IPFV-PL,But they’re constantly laughing.,,,ConvRisaMAJ,
convrisamaj-33,yab, tajne ini pokono waimukontomo,ta-jne\tini\tpoko-no\twaimukontomo,3-PL\t***\ton.surface-NMLZ\t***,Because they see they laugh.,,,ConvRisaMAJ,
convrisamaj-34,yab," tajne ya ijpë mare tëwï, tajne ya yekerema pïnika ta wïrë",ta-jne\tya\tijpë\tmare\ttëwï\tta-jne\t?\tyekerema\tpïnika\tta\twïrë,3-PL\tERG\t***\tREL.INAN\t***\t3-PL\t?\t***\t***\tlike\t***,"What they did, they’re going to tell.",,,ConvRisaMAJ,
convrisamaj-35,yab," pïnika, pïnika, tawara chipokon pïnika yaruwakontomo",pïnika\tpïnika\ttawara\tchi=poko-n\tpïnika\tyaruwakontomo,***\t***\t***\tCOP=on.surface-NMLZ\t***\t***,So that’s why they’re laughing.,,,ConvRisaMAJ,
convrisamaj-36,yab, taro mare wïrë ya,taro\tmare\twïrë\t?,***\tREL.INAN\t***\t?,yo no sé nada pero digo así,,,ConvRisaMAJ,
convrisamaj-37,yab, nwa ma pïnika ta wïrë ya,nwa\tma\tpïnika\tta\twïrë\t?,dance\tRESTR\t***\tlike\t***\t?,So I won’t say any more.,,,ConvRisaMAJ,
convrisamaj-38,yab, tejpore sa ne yaruwakontomo,tejpore\tsa\tne\tyaruwakontomo,***\t***\tINTS\t***,They like laughing.,,,ConvRisaMAJ,
convrisamaj-40,yab, tawarama wïrë itari onono parë,tawarama\twïrë\titari\tonono\tparë,***\t***\t***\t***\t***,I also listened some times.,,,ConvRisaMAJ,
convrisamaj-42,yab, yaruwakontomo yatum ponoko,yaruwakontomo\tyatum\tponoko,***\tsun\tevery,They laugh every day.,,,ConvRisaMAJ,
convrisamaj-43,yab, ta takontomo,ta\ttakontomo,like\t***,That’s what they say (?),,,ConvRisaMAJ,
convrisamaj-44,yab, wïrë inija ta rë,wïrë\tinija\tta\trë,***\t***\tlike\tEMP,I haven’t seen.,,,ConvRisaMAJ,
convrisamaj-45,yab,"¡ kë%¡ mokontomo wajyakïtï ta, wïrë wajyakïtïjra taro wïrë ta wïrë ya",kë\tmokontomo\twajyakïtï\tta\twïrë\twajyakïtïjra\ttaro\twïrë\tta\twïrë\t?,***\t***\t***\tlike\t***\t***\t***\t***\tlike\t***\t?,"Ugh, you are happy but I am not, I say.",,,ConvRisaMAJ,
convrisamaj-46,yab, uyarë wïrë përemekïrï,u-ya=rë\twïrë\tpëremekïrï,1-ERG=EMP\t***\t***,I just talk.,,,ConvRisaMAJ,
convrisamaj-47,yab," aniki narëpe yakërë ejnë përemekïrï, ejnë pëkëpene, wanene",aniki\tnarëpe\tyakërë\tejnë\tpëremekïrï\tejnë\tpëkëpene\twanene,who\t***\t***\t1+2PRO\t***\t1+2PRO\talone\t***,"Who are we gonna talk to? We’re alone, aunt.",,,ConvRisaMAJ,
convrisamaj-48,yab, pïrarë ejnë chiyakon chipokono ejnë yaruwatopo pïrarë,pïrarë\tejnë\tchiyakon\tchi=poko-no\tejnë\tyaruwatopo\tpïrarë,***\t1+2PRO\t***\tCOP=on.surface-NMLZ\t1+2PRO\t***\t***,Because we don’t have friends we don’t have anything to laugh.,,,ConvRisaMAJ,
convrisamaj-49,yab, inkë,inkë,***,That’s right!,,,ConvRisaMAJ,
convrisamaj-50,yab," ejnë pëkëpene ejnë chi yawë, ejnë yarikaja",ejnë\tpëkëpene\tejnë\tchi-∅\tyawë\tejnë\tyarikaja,1+2PRO\talone\t1+2PRO\tCOP-IPFV\tLOC\t1+2PRO\t***,"When we’re alone, we don’t laugh.",,,ConvRisaMAJ,
convrisamaj-51,yab,¿ ati ejnë yarikari%¿ pïrarë,ati\tejnë\tyarikari\tpïrarë,***\t1+2PRO\t***\t***,What are we going to laugh about? Nothing.,,,ConvRisaMAJ,
convrisamaj-52,yab,¡ tari%¡ yarikasemïjra,tari\tyarikasemïjra,***\t***,"Oh, there’s nothing to laugh about.",,,ConvRisaMAJ,
convrisamaj-53,yab, nwa ma ta wïrë ya,nwa\tma\tta\twïrë\t?,dance\tRESTR\tlike\t***\t?,That’s all I’m saying.,,,ConvRisaMAJ,
convrisamaj-54,yab, pïrarë,pïrarë,***,Nothing.,,,ConvRisaMAJ,
676f9d00-be36-4f53-9745-4fe5460acd82-0-1,yab,anajmori,a-najmo-ri,2-grandmother-PERT,tu abuela,,,,muller2021yawarana
ff077ddb-2933-477b-9470-5ba443b72fdf-0-1,yab,anajpïri,a-najpï-ri,2-grandfather-PERT,tu abuelo,,,,muller2021yawarana
676f9d00-be36-4f53-9745-4fe5460acd82-0-0,yab,unajmori,u-najmo-ri,1-grandmother-PERT,mi abuela,,,,muller2021yawarana
ff077ddb-2933-477b-9470-5ba443b72fdf-0-0,yab,unajpïri,u-najpï-ri,1-grandfather-PERT,mi abuelo,,,,muller2021yawarana
anfoperso-01,yab, wïrë tawara rë entë,,,yo estaba aquí (en San Juan Manapiare),,,HistAnFo,
anfoperso-02,yab, ana këyetajpë intipijkë ana chi yawë,,,nos criamos cuando estábamos chiquiticos nosotros,,,HistAnFo,
anfoperso-03,yab, ana yïmï sëmajpë pe,,,cuando se murió mi papá,,,HistAnFo,
anfoperso-04,yab, ana këyetase papa kampra ya ana yoti wejsapë yojtë ta sukase aroma warai yakuri warai yojtë wejsaj ta,,,"nosotros crecimos, mi tio pescaba toda nuestra comida, lapa, picure",,,HistAnFo,
anfoperso-05,yab, papa kampra ya makampra ya ta wejsaj ta maijtë kaimotata mukuton yomiri,,,"mi tía estaba diciendo para mi tío ""vaya a cazar que los niños tienen hambre""",,,HistAnFo,
anfoperso-06,yab, asamori ta wejsaj ta irë makë ta wejsapë,,,"mi  tía dijo ""están llorando""",,,HistAnFo,
anfoperso-07,yab, pachi kërë takï yëmi pïnirë,,,"dijo ""hermana, ese no tiene hambre""",,,HistAnFo,
anfoperso-08,yab, asamorijra asamori muku,,,por llorar no más lloran los niños,,,HistAnFo,
anfoperso-09,yab, tejetum pïnika ta wejsaj ta makë ya makë pano ya,,,"mi mamá decía ""no ese está enfermo será",,,HistAnFo,
anfoperso-10,yab, sukase ta wejsaj ta irëjpë papa kampra ijtëri,,,"todo decía, después se iba mi tío",,,HistAnFo,
anfoperso-11,yab, ipakuri yakërë,,,con su flecha,,,HistAnFo,
anfoperso-12,yab, irëjpë sakara nepï wejsaj ta irëjpë michi,,,"traía guabina, después (decía) aquí está",,,HistAnFo,
anfoperso-13,yab, yakono ijmojkakë mukuton yoti ta wejsaj ta,,,"después dice, hermana cocina para que coman los niños",,,HistAnFo,
anfoperso-14,yab, makampra ya makë pana,,,mi tía dijo pa mi mamá,,,HistAnFo,
anfoperso-15,yab, irë makë ya ijmojka wejsapë,,,después mi mamá estaba cocinando,,,HistAnFo,
anfoperso-16,yab, ana yoti ana serematojpe,,,"nuestra comida, para comer",,,HistAnFo,
anfoperso-17,yab, tawara ma ana këyetajpë ana papa pan patajpë të,,,así nos criamos después de que se murió mi papá en su pueblo,,,HistAnFo,
anfoperso-18,yab, papa pano sëmasaj yawë,,,porque se murió mi papá,,,HistAnFo,
anfoperso-19,yab, irë ana këyetase tawara ma,,,nosotros nos críamos así mismo,,,HistAnFo,
anfoperso-20,yab, sukase ana këyetase pipi yakërë ana këyetase intipijkë ana chawë,,,con mi hermanito,,,HistAnFo,
anfoperso-21,yab, ana këyetase makampra ya,,,nosotros nos criamos con mi tía,,,HistAnFo,
anfoperso-22,yab, tëwï ya papa kampra pana tase ta kaimotata,,,"pa mi tío dijo, vaya a cazar",,,HistAnFo,
anfoperso-23,yab, yomiri mukutomo,,,tienen hambre los niños,,,HistAnFo,
anfoperso-24,yab, asamo mare tapëkë ijtëri weroro yarë ta yakuri këjmatojpe,,,porque estaban llorando iba llevando los perros para que cazaran picure,,,HistAnFo,
anfoperso-25,yab, irë yakuri,,,,,,HistAnFo,
anfoperso-26,yab, taturu makampra ya ana yoti,,,mi tía lo da comida de nosotros,,,HistAnFo,
anfoperso-27,yab, ijmokatojpe,,,para cocinar,,,HistAnFo,
anfoperso-28,yab, irëjpë makë ya ijmojka wejsapë,,,después mi mamá estaba cocinando,,,HistAnFo,
anfoperso-29,yab, ana yoti yakuri,,,"nuestra comida, el picure",,,HistAnFo,
anfoperso-30,yab, makampra ya tujpë,,,lo que mi tía le dió,,,HistAnFo,
anfoperso-31,yab, sukase tawara ma ana këyatajpë onono pëkë,,,"toditos nos críamos así, de otra manera",,,HistAnFo,
anfoperso-32,yab, kïmïi ma yeme ana ya,,,nosotros estábamos comiendo puro ají,,,HistAnFo,
anfoperso-33,yab, sere yokïrï irëjpë sukutaka yeni ana ya,,,"comiendo casabe, después tomabamos yucuta",,,HistAnFo,
anfoperso-34,yab, tëwï kïmïi yemetïkene ana yeni wejsapë sukutaka ma,,,"después de que comemos ají, tomamos yucuta",,,HistAnFo,
anfoperso-35,yab, nwarë ana këyatajpë ana,,,así nos criamos nosotros,,,HistAnFo,
anfoperso-36,yab, irëjpë rë neke n ti,,,después sí,,,HistAnFo,
anfoperso-37,yab, makë sepanse,,,mi mamá se casó,,,HistAnFo,
anfoperso-38,yab, rafa perez pan yakërë,,,con el finado Rafel Pérez,,,HistAnFo,
anfoperso-39,yab, irëjpë tëwï yakërë ana këyatase,,,despúes con él nos criamos,,,HistAnFo,
anfoperso-40,yab, yatampe ana tëse pipi tawara rë waraijtokompe ijtëse,,,"nos volvimos muchachos, mi hermano también se volvió hombre",,,HistAnFo,
anfoperso-41,yab, ana këyatase tëwï yakërë,,,nos criamos con él,,,HistAnFo,
anfoperso-42,yab, ana padrastro yakërë,,,con nuestro padrastro,,,HistAnFo,
anfoperso-43,yab, tëwï ya ana këyamase,,,el nos crio,,,HistAnFo,
anfoperso-44,yab, muku wëra ana këyamase ta,,,"como a sus hijos nos crió a nosotros, pues",,,HistAnFo,
anfoperso-45,yab, nopano wejsaj ta waraijtokomo,,,ese hombre era bueno,,,HistAnFo,
anfoperso-46,yab, ana tapaja ta ana këyatase nope,,,"ese no pegaba nada, nosotros nos criamos bien",,,HistAnFo,
anfoperso-47,yab, tëwï waraijtokon yakërë ana këyamase ta wejsapë,,,con ese hombre nos crio,,,HistAnFo,
anfoperso-48,yab, takërë ana wejsapë ïmparëjra,,,estuvimos mucho tiempo con él,,,HistAnFo,
anfoperso-49,yab, irëjpë rë warë tajtojpe pïnika wïrë sepanse,,,"después, mas ahora, yo me casé",,,HistAnFo,
anfoperso-50,yab, irëjpë,,,después,,,HistAnFo,
anfoperso-51,yab, ana wejsapë,,,nosotros estábamos,,,HistAnFo,
anfoperso-52,yab, makë yakërë ma wejtane tëijpë rë pïjkë ana yïwïtï,,,"aunque estaba con mi mamá, nuestra casa estaba un poquito lejos",,,HistAnFo,
anfoperso-53,yab, ana yïwïj yawë ana senejka wejsapë tawara ma ana këyatajpë ana,,,"nosotros estábamos en nuestra casa, así nos criamos",,,HistAnFo,
anfoperso-54,yab, papa pano patajpë të,,,en lo que era el pueblo del finado mi papá,,,HistAnFo,
anfoperso-55,yab, ëmpare,,,ya,,,HistAnFo,
mape_pers2-01,yab, ïmparë,,,¿está listo?,,,Hist2MaPe,
mape_pers2-02,yab, aniki ya iyajtëri iyajtëpe,,,¿quién empieza primero?,,,Hist2MaPe,
mape_pers2-03,yab, kajkë iyajtëpe mërë,,,diga usted primero,,,Hist2MaPe,
mape_pers2-04,yab, wïrë patakajpë yakaramari iyajtëpe,,,voy a contar primero cuando nací,,,Hist2MaPe,
mape_pers2-05,yab, patakase mïntë kukurito të,,,,,,Hist2MaPe,
mape_pers2-06,yab, enijpëtë yëye wejtëyatë umakëri ya upatakase,,,"donde está un árbol, mi mamá dio a luz de mi",,,Hist2MaPe,
mape_pers2-07,yab, wïrë makëri ya unëmëse ta,,,mi mamá me dejó,,,Hist2MaPe,
mape_pers2-08,yab, yumpe kirimijkëtë ya uyënëse ti kërë tawara intompijkë uyewenke wejsapë,,,"muchas hormigas me comieron, no las conocía porque estaba muy pequeña",,,Hist2MaPe,
mape_pers2-09,yab, irëjpë makë kampra ijtëse tëwï wïrë inche ijtë rë makë kamprajpë,,,después mi primera mamá fue a verme,,,Hist2MaPe,
mape_pers2-10,yab, ukoyoweti tayajkëtëse uyarëse ta tïwïj yaka ukopise ta yajtëpe wïrë yarëse ta tïwïj yaka,,,"ella cortó mi ombligo, me lavó primero y me llevó a su casa",,,Hist2MaPe,
mape_pers2-11,yab, makë pano pana tase kwatojpe mërë mari michi mëmukuru,,,"A mi mamá le dijo, por qué vas a botar a esta, tu hija",,,Hist2MaPe,
mape_pers2-12,yab, itakë michi wurijyamo mëiyajtëtojpano ta tase ta makë pano pana,,,"escucha, esta mujer va a cuidar de tí, le dijo a la finada mi mamá",,,Hist2MaPe,
mape_pers2-13,yab, tëwï makë ta wïrë pojtëja imu pïrarë chipëkë,,,"mi mamá dijo, no la quiero porque no tiene papá",,,Hist2MaPe,
mape_pers2-14,yab, kwatojpe tawara ma yankë,,,"no importa, críala igual",,,Hist2MaPe,
mape_pers2-15,yab, umakë pano,,,la finada mi mamá,,,Hist2MaPe,
mape_pers2-16,yab, tayarëse makë ëjwatë pana taitopo,,,me llevó mi mamá al chinchorro donde me puso,,,Hist2MaPe,
mape_pers2-17,yab, wïrë makë tase ti,,,dijo mi mamá,,,Hist2MaPe,
mape_pers2-18,yab, wïrë pojtëja imu pïrarë chipëkë,,,no la quiero porque no tiene papá,,,Hist2MaPe,
mape_pers2-19,yab, irëjpë makampra tase,,,después mi primera mamá dijo,,,Hist2MaPe,
mape_pers2-20,yab, makë pana tase yankë yankë kërë mëmukuru,,,"a mi mamá le dijo, levanta a ese tu hijo",,,Hist2MaPe,
mape_pers2-21,yab, kërë wurijyamo,,,esa es una hembra,,,Hist2MaPe,
mape_pers2-22,yab, sere yawajni,,,esa es la que raya yuca,,,Hist2MaPe,
mape_pers2-23,yab, sukase mëtuna yanujni,,,"todo, la que busca tu agua",,,Hist2MaPe,
mape_pers2-24,yab, mëyoti ijmojkani,,,la que va a cocinar tu carne,,,Hist2MaPe,
mape_pers2-25,yab, sukase tase ta makampra pano ya,,,mi primera mamá dijo todo,,,Hist2MaPe,
mape_pers2-26,yab, makëri ya pïnika ëjwatë po,,,"mi mamá tal vez, en el chinchorro...",,,Hist2MaPe,
mape_pers2-27,yab, ëjwatë po usenejkasapë,,,yo ya estaba en el chinchorro,,,Hist2MaPe,
mape_pers2-28,yab, irëjpë pïnika makë pana tase,,,después tal vez le dijo a mi mamá,,,Hist2MaPe,
mape_pers2-29,yab, tawara ma yankë,,,levantala igual,,,Hist2MaPe,
mape_pers2-30,yab, imukejra wejtane yankë tase makampra,,,"aunque no tiene papá, lenvántala, dijo mi primera mamá",,,Hist2MaPe,
mape_pers2-31,yab, mëtë usenejkari irëjpë ukëyetase pïnika,,,"ahí estoy, me crié, será",,,Hist2MaPe,
mape_pers2-32,yab, makë pana tase,,,le dijo a mi mamá,,,Hist2MaPe,
mape_pers2-33,yab, makë tewenke kwase upatakajpë irë makëpïjkë pano ya tase,,,"mi mamá no sabía cómo nací, eso dijo mi segunda mamá",,,Hist2MaPe,
mape_pers2-34,yab, yajtëpe julio marë,,,el primero de Julio,,,Hist2MaPe,
mape_pers2-35,yab, tëwï yaye patakajpë mëmukuru,,,en ese día nació tu hijo,,,Hist2MaPe,
mape_pers2-36,yab, makë takï tewenke ejnë patakajpë sukase makë tewenke,,,mi mamá no sabía cuando nació ninguno,,,Hist2MaPe,
mape_pers2-37,yab, makëpïjkë pano ya sukase tase,,,la segunda mamá dijo todo,,,Hist2MaPe,
mape_pers2-38,yab, mukutomo patakajpë marë uyewenkejra wïrë tase makë pana,,,"el (día) de nacimiento de los niños, yo lo conozco, le dijo a mi mamá",,,Hist2MaPe,
mape_pers2-39,yab, nwa chipëkë makë pana tase,,,por eso le dijo a mi mamá,,,Hist2MaPe,
mape_pers2-40,yab, mërë mëyewenke mërë pachi tase ta,,,"tú no sabes hermana, dijo",,,Hist2MaPe,
mape_pers2-41,yab, wïrë wuyewenkejra wïrë tase ta makëpïjkë ya,,,"yo sí se, dijo mi segunda mamá",,,Hist2MaPe,
mape_pers2-42,yab, tawara chipëkë makë pana tase,,,así le dijo a mi mamá,,,Hist2MaPe,
mape_pers2-43,yab, tawara ma yewenke wïrë mëyewenke chi yawë mëyewenke,,,"yo tampoco sé, si no sabes, no sabes",,,Hist2MaPe,
mape_pers2-44,yab, mëmukutomo patakajpë marë,,,el (día) de nacimiento de tus hijos,,,Hist2MaPe,
mape_pers2-45,yab, irëjpë,,,después...,,,Hist2MaPe,
mape_pers2-46,yab, këyetase pïnika,,,Creo que crecí,,,Hist2MaPe,
mape_pers2-47,yab, inkë takï irëjpë makëpïjkë pano takï,,,"mira, después mi segunda mamá",,,Hist2MaPe,
mape_pers2-48,yab, inkë takï mërë mapo maniki mëmukuru,,,vea la hija que usted quería botar,,,Hist2MaPe,
mape_pers2-49,yab, nope ne mëyanaka ta sukase sere yawakï ta sukase tanairi nope,,,"te va a ayudar bien, va a rayar toda la yuca, hace todo bien",,,Hist2MaPe,
mape_pers2-50,yab, mërë ma ta chi yawë,,,si usted la botaba,,,Hist2MaPe,
mape_pers2-51,yab, mëmukuru mëyanakaja,,,tu hija no te ayuda,,,Hist2MaPe,
mape_pers2-52,yab, tawara tase ta makëpïjkë pano ya,,,así dijo la finada mi segunda mamá,,,Hist2MaPe,
mape_pers2-53,yab, wïrë mase chipëkë,,,si yo la hubiera botado,,,Hist2MaPe,
mape_pers2-54,yab, nopejra muku sarakatojpejra,,,es malo botar a los niños,,,Hist2MaPe,
mape_pers2-55,yab, muku yansemï,,,a los niños hay que recogerlos,,,Hist2MaPe,
mape_pers2-56,yab, onono yaka tusempïnirë tawara rë,,,tampoco se les da a otras personas,,,Hist2MaPe,
mape_pers2-57,yab, ejnë mukuru ejnë wenkajpë maniki yansemï,,,nuestros hijos que parimos hay que criarlos,,,Hist2MaPe,
mape_pers2-58,yab, tawara ma imukejra,,,tambien el que no tiene papá,,,Hist2MaPe,
mape_pers2-59,yab, tawara ma yankë,,,también críalos,,,Hist2MaPe,
mape_pers2-60,yab, imukejra maniki yansemï,,,los que no tienen papá hay que criarlos,,,Hist2MaPe,
mape_pers2-61,yab, tase ta makëpïjkë pano tawara rë,,,decía la finada mi segunda mamá,,,Hist2MaPe,
mape_pers2-62,yab, ati ta mërë ya mërë,,,,,,Hist2MaPe,
ctoaragrme-01,yab, kajkë warë,,,diga ahora,,,CtoAraGrMe,
ctoaragrme-02,yab, tëwï,,,aquel (que tu dijiste),,,CtoAraGrMe,
ctoaragrme-03,yab, aniki,,,¿quién?,,,CtoAraGrMe,
ctoaragrme-04,yab, tëwï ta mërë ya,,,aquel que tu dijiste,,,CtoAraGrMe,
ctoaragrme-05,yab, mëyakarama mare,,,ese que tu estás diciendo,,,CtoAraGrMe,
ctoaragrme-06,yab, aniki warai moyochi ka,,,¿como cuál? ¿la araña?,,,CtoAraGrMe,
ctoaragrme-07,yab, moyochi,,,la araña,,,CtoAraGrMe,
ctoaragrme-08,yab, moyochi ti ta ta,,,ese mismo de la araña,,,CtoAraGrMe,
ctoaragrme-09,yab, moyochi,,,la araña,,,CtoAraGrMe,
ctoaragrme-10,yab, tëwï ti wurijyan yarënijpë tata moyochi,,,"aquel que se llevó una mujer, le dicen araña",,,CtoAraGrMe,
ctoaragrme-11,yab, tayakëtëse ta yëye ke pïnika tatojpapëti wejsaj ta,,,le estaba tal vez dando con el palo,,,CtoAraGrMe,
ctoaragrme-12,yab, ta tayakëpëti wejsapë,,,lo cortó,,,CtoAraGrMe,
ctoaragrme-13,yab, warë kwatojpe uyejweti yakëtëri mërë ya,,,¡ay! ¿para qué vas a cortar a mi chinchorro?,,,CtoAraGrMe,
ctoaragrme-14,yab, wïrë yejweti yakëtëjrama mërë mërë wuyejweti,,,"no cortes mi chinchorro, ese es mi chinchorro",,,CtoAraGrMe,
ctoaragrme-15,yab, warë takërë wejsapë takërë sëpanse,,,"así estuvo con él, se casó con él",,,CtoAraGrMe,
ctoaragrme-16,yab, tayarëse,,,¿lo llevó?,,,CtoAraGrMe,
ctoaragrme-17,yab, tayarëse,,, ‎‎TR_V TF_yarë-se ERGØ_ta,,,CtoAraGrMe,
ctoaragrme-18,yab, warë wïrë yakërë mëchiri warë,,,así ahora tú vas a estar conmigo,,,CtoAraGrMe,
ctoaragrme-19,yab, wïrë yejweti mërë ya yakëtëjpë chipokono,,,porque tu picaste mi chinchorro ahora tu vas a vivir conmigo,,,CtoAraGrMe,
ctoaragrme-20,yab, ta wejsaj ta,,,dijo,,,CtoAraGrMe,
ctoaragrme-21,yab, ë'ë ti tawara taji rë takërë chi wejsaj ta,,,"sí dice, estaba con él",,,CtoAraGrMe,
ctoaragrme-22,yab, takërë wejsapë,,,estuvo con él muchos días,,,CtoAraGrMe,
ctoaragrme-23,yab, warë onono rë waraijtokomo weseyuru wejsapë tëpëkë,,,así el otro hombre estaba bravo con ella,,,CtoAraGrMe,
ctoaragrme-24,yab, kojpayarëpëkë wejsapë ëjwatë yëjpëj chipëkë,,,porque pasó la noche hilando su chinchorro,,,CtoAraGrMe,
ctoaragrme-25,yab, moyochi tasarë moyochi chipokono kojpaye pïnika warotari,,,"le dicen araña, tal vez porque la araña trabaja de noche",,,CtoAraGrMe,
ctoaragrme-26,yab, yatun yawë warotaja,,,¿no trabaja de día?,,,CtoAraGrMe,
ctoaragrme-27,yab, warotaja ti yatun yawë,,,no trabaja de día,,,CtoAraGrMe,
ctoaragrme-28,yab, kojpaye ti warotari taro,,,trabaja en la noche pues dicen,,,CtoAraGrMe,
ctoaragrme-29,yab, kojpaye ti warotari,,,trabaja en la noche,,,CtoAraGrMe,
ctoaragrme-30,yab, kojpaye ti warotari,,,,,,CtoAraGrMe,
ctoaragrme-31,yab, nwa chipëkë wurijyan yarënijpë ti kërë moyochi tawara ta wurijyan yatanëri,,,"por eso se llevó a la mujer la araña, también era mujer joven",,,CtoAraGrMe,
ctoaragrme-32,yab, takërë chi wejsapë,,,estaba con ella,,,CtoAraGrMe,
ctoaragrme-33,yab, tawara rë waraijtokomo weseyuru wejsapë tëpëkë,,,también un hombre estaba brava con ella,,,CtoAraGrMe,
ctoaragrme-34,yab, kojpayarëpëkë ëjwatë yëjpëj chipëkë ta,,,porque hilaba su chinchorro durante la noche,,,CtoAraGrMe,
ctoaragrme-35,yab, nwa chijpë ti moyochi tawara taji rë,,,"así fue la araña, dicen",,,CtoAraGrMe,
ctoaragrme-36,yab, ta ti ta makë pano ya yakarama wejsapë tanijpë,,,así contaba mi mamá,,,CtoAraGrMe,
ctoaragrme-37,yab, wïrë yarënijpë ta ta,,,el que me lleva,,,CtoAraGrMe,
ctoaragrme-38,yab, irë wejtane mujyampe patakaja wejsapë,,,a pesar de eso no salió embarazada,,,CtoAraGrMe,
ctoaragrme-39,yab, apatakaja pïnïka wejsapë,,,tal vez no salió (embarazada),,,CtoAraGrMe,
ctoaragrme-40,yab, tayakïjtëja pïnika wejsapë,,,tal vez no se acostó con ella,,,CtoAraGrMe,
ctoaragrme-41,yab, nwa chijpë ti,,,por eso,,,CtoAraGrMe,
ctoaragrme-42,yab, moyochi,,,la araña,,,CtoAraGrMe,
desccasmaj-001,yab, irë wejtane ejnë waimuja mërë warë,,,,,,DescCasMAJ,
desccasmaj-002,yab, toto yaye ejnë waimu,,,,,,DescCasMAJ,
desccasmaj-003,yab, irëjpë rë,,,después,,,DescCasMAJ,
desccasmaj-004,yab, kajkë ti makë,,,diga pues mamá,,,DescCasMAJ,
desccasmaj-005,yab, sere ka,,,¿el casabe?,,,DescCasMAJ,
desccasmaj-006,yab, ë'ë,,,sí,,,DescCasMAJ,
desccasmaj-007,yab, ati yaka ejnë tëri,,,cuando vamos al conuco,,,DescCasMAJ,
desccasmaj-008,yab, sere mëkase,,,cuando uno va a arrancar yuca,,,DescCasMAJ,
desccasmaj-009,yab, irëjpë apo neke ne yajkapëkë,,,"después, primero se limpia",,,DescCasMAJ,
desccasmaj-010,yab, irëjpë yëjpë mapëti chipokono warë yutu yaka,,,después lo estaban botando hacia el monte,,,DescCasMAJ,
desccasmaj-011,yab, irëjpë yawakari,,,después sembrar,,,DescCasMAJ,
desccasmaj-012,yab, mëkari sukase ti ta ta,,,"arrancar, todo, así dijo",,,DescCasMAJ,
desccasmaj-013,yab, irëjpë nepïrï ëjtë yaka,,,después se trae para la casa,,,DescCasMAJ,
desccasmaj-014,yab, irëjpë pikari yawakïrï,,,después se raspa y se ralla,,,DescCasMAJ,
desccasmaj-015,yab, irëjpë yamanëri,,,después se acomoda,,,DescCasMAJ,
desccasmaj-016,yab, takono yatun yawë ejnë,,,"al día siguiente, nosotros...",,,DescCasMAJ,
desccasmaj-017,yab, ejnë yasukatopo,,,para sebucanearlo,,,DescCasMAJ,
desccasmaj-018,yab, irëjpë yasukari,,,después se sebucanea,,,DescCasMAJ,
desccasmaj-019,yab, irëjpë yekeri,,,después se extiende,,,DescCasMAJ,
desccasmaj-020,yab, nwa ti,,,así pues,,,DescCasMAJ,
desccasmaj-021,yab, yekeri nwarë tari po yekeri,,,en budare se extiende,,,DescCasMAJ,
desccasmaj-022,yab, penarë umukupe wïrë chi yawë,,,antes cuando yo estaba muchacha,,,DescCasMAJ,
desccasmaj-023,yab, entë ma wïrë yeke wejsapë wïrë sere pïjkë wïrë yewenke chipëkë,,,"así (chiquitico) yo extendía mi casabito, porque yo no sabía",,,DescCasMAJ,
desccasmaj-024,yab, irëjpë,,,,,,DescCasMAJ,
desccasmaj-025,yab, mënai wëjkase chijpë wararë,,,se cayó tu cosa,,,DescCasMAJ,
desccasmaj-026,yab, wïrë nai wëjkase,,,se me cayó mi cosa (el microfono)?,,,DescCasMAJ,
desccasmaj-027,yab, wïrë pojteja ta,,,no me quiere,,,DescCasMAJ,
desccasmaj-028,yab, waimujrama sejkë ta,,,no hables todavía,,,DescCasMAJ,
desccasmaj-029,yab, nopejra mëwaimuru ta ta,,,estás hablando feo,,,DescCasMAJ,
desccasmaj-030,yab, wa chipëkë takï wïrë takï,,,,,,DescCasMAJ,
desccasmaj-031,yab, tawanke wïrë chijpë pïnirë,,,yo no sabía nada antes,,,DescCasMAJ,
desccasmaj-032,yab, mukupe wïrë chi yawë wïrë yëwanëta wanene pano,,,cuando era chiquita me enseño la finada mi suegra,,,DescCasMAJ,
desccasmaj-033,yab, tari mukujpë pëkë wïrë yekepïti yawë tëpo ma wïrë yëwanëjtëse wïrë,,,"extendiendo en un budare chiquitico, en eso yo aprendí",,,DescCasMAJ,
desccasmaj-034,yab, wuriyampe wïrë wejtane ti warë uyemekun yaka wëjkase,,,"cuando ya me volví mujer, mi mano aprendió,",,,DescCasMAJ,
desccasmaj-035,yab, wïrë yewenke tarojra wïrë ya,,,no puedo decir que no sé,,,DescCasMAJ,
desccasmaj-036,yab, wïrë yasukari wïrë yekeri wajto inche wïtëri wïrë yasukari katara kunë wïrë ya kïmïi inche wïrë tëri wïrë katara yaka wïrë itojpe warë,,,"yo lo sebucaneo, yo lo tiendo, voy a buscar la leña,  lo sebucaneo, hiervo mi catara, voy a buscar mi ají, para echarle a mi catara, ok",,,DescCasMAJ,
desccasmaj-037,yab, warë wïrë chijpë mukupïjkë marë inkë enirë marë wïrë,,,"así era cuando era chiquitica, mira ahora, todavía soy así",,,DescCasMAJ,
desccasmaj-038,yab, yapijtompe wïrë wejtane kë wïyapë moroni,,,"aunque soy vieja, ay me duelen mis brazos",,,DescCasMAJ,
desccasmaj-039,yab, uyemekun moroni kwase neke uyu yamanëri sere wejtane amarë wïrë nairi,,,"mis manos me duele, como será que voy a hacer mi casabe, así mismo hago casabe",,,DescCasMAJ,
desccasmaj-040,yab, warë ti tapojtëpori ti maniki,,,así lo quiere,,,DescCasMAJ,
desccasmaj-041,yab, ejnë taro,,,lo que decimos,,,DescCasMAJ,
desccasmaj-042,yab, arokatë,,,difícil,,,DescCasMAJ,
desccasmaj-043,yab, sere arokatë ta ta,,,"el casabe, es dificil",,,DescCasMAJ,
desccasmaj-044,yab, arokatë sere yamanëri,,,es dificil hacer casabe,,,DescCasMAJ,
desccasmaj-045,yab, arokatë sere pikari,,,raspar yuca es dificil,,,DescCasMAJ,
desccasmaj-046,yab, rokari,,,se lava,,,DescCasMAJ,
desccasmaj-047,yab, warë mëkari,,,"así, se arranca",,,DescCasMAJ,
desccasmaj-048,yab, ejyapë morontamase,,,nuestros brazos duelen,,,DescCasMAJ,
desccasmaj-049,yab, pakara nepïrï,,,trayendo el catumare,,,DescCasMAJ,
desccasmaj-050,yab, sere pikapëkë ejnë wënkepïrï warë arokatono,,,"raspando yuca, estamos distraidos, así, dificil",,,DescCasMAJ,
desccasmaj-051,yab, arokaton takï ana tujtëri enirë,,,hoy en día nosotros preparamos nuestra comida difícil,,,DescCasMAJ,
desccasmaj-052,yab, arokaton ejnë warotari,,,nuestro trabajo es dificil,,,DescCasMAJ,
desccasmaj-053,yab, sere mëkari,,,sacar yuca,,,DescCasMAJ,
desccasmaj-054,yab, yajkari,,,limpiar,,,DescCasMAJ,
desccasmaj-055,yab, mëkari,,,arrancar,,,DescCasMAJ,
desccasmaj-056,yab, yëjpë yakëtëri,,,se cortan los tallos,,,DescCasMAJ,
desccasmaj-057,yab, irëjpë yawakari,,,después se siembra,,,DescCasMAJ,
desccasmaj-058,yab, irëjpë pëmekïrï irëjpë pëmekïrï,,,después se barre,,,DescCasMAJ,
desccasmaj-059,yab, warë sukase tawara ejnë warotari ejnë sere pëkë warotasemï,,,"así trabajamos todo, trabajamos sobre nuestra yuca",,,DescCasMAJ,
desccasmaj-060,yab, tawarajra takï mokontomo toto chi nope mokontomo seremari,,,"ustedes los criollos no son así, ustedes comen bien",,,DescCasMAJ,
desccasmaj-061,yab, tawaja takï ana,,,nosotros no es así,,,DescCasMAJ,
desccasmaj-062,yab, pumanse ana tujtëri,,,"###, preparamos comida",,,DescCasMAJ,
desccasmaj-063,yab, sere yawakïrï,,,rallar yuca,,,DescCasMAJ,
desccasmaj-064,yab, serere yawakïja chi yawë pïrarë serejra,,,"si no se ralla yuca, no hay yuca",,,DescCasMAJ,
desccasmaj-065,yab, mañuku yamanëja chi yawë pïrarë mañukujra,,,"si no hace mañoco, no hay mañoco",,,DescCasMAJ,
desccasmaj-066,yab, sere yamapo yawë,,,cuando quiere hacer yuca,,,DescCasMAJ,
desccasmaj-067,yab, mañuku neke ne arokatë,,,el mañoco es difícil,,,DescCasMAJ,
desccasmaj-068,yab, arokatë yawakïrï tëwï,,,es dificil rallar ese,,,DescCasMAJ,
desccasmaj-069,yab, yojmari,,,mezclar,,,DescCasMAJ,
desccasmaj-070,yab, yawakari,,,sembrar,,,DescCasMAJ,
desccasmaj-072,yab, arokatë,,,difícil,,,DescCasMAJ,
desccasmaj-073,yab, sere neke ne tarine,,,el casabe es rápido,,,DescCasMAJ,
desccasmaj-074,yab, arokatë ana warotari ana,,,nosotros trabajamos difícil,,,DescCasMAJ,
desccasmaj-075,yab, ana poye rë,,,en nuestra manera,,,DescCasMAJ,
desccasmaj-076,yab, mañuku ma taji rë arokatë,,,el mañoco es mucho más difícil,,,DescCasMAJ,
desccasmaj-077,yab, wa chijpë ti najmoton pano ya,,,así fueron las finadas mis abuelas,,,DescCasMAJ,
desccasmaj-078,yab, arokatë mokontomo wejtojpano mokontomo,,,para ustedes va a ser muy dificil,,,DescCasMAJ,
desccasmaj-079,yab, mokontomo sawankuitojpano wïrë patajpë të,,,ustedes van a sufrir después de mi muerte,,,DescCasMAJ,
desccasmaj-080,yab, mokontomo warota yawë sere pëkë mokontomo warota yawë,,,cuando ustedes trabajan con la yuca,,,DescCasMAJ,
desccasmaj-081,yab, mokontomo yeretapi pëkë mokontomo warota yawë mokontomo sawankuijtojpan pïnirë tarojpë tajne ya irë wa chipëkë tawarai ma takï ana,,,"si ustedes trabajan con sus sembrados no van a pasar trabajos, dijeron ellas, por eso somos así",,,DescCasMAJ,
desccasmaj-082,yab, ana warotari,,,nosotros trabajamos,,,DescCasMAJ,
desccasmaj-083,yab, inkë takï sarë wïrë wepïja wejsapë mëwejyaka,,,"mira, yo no vine donde usted",,,DescCasMAJ,
desccasmaj-084,yab, wïrë warotapëkë wïrë sererijra,,,"estaba trabajando (en otras cosas), no tengo casabe",,,DescCasMAJ,
desccasmaj-085,yab, irë pana rë warë yapijtom terepun rërë,,,pa completar el viejo el viejo está enfermo,,,DescCasMAJ,
desccasmaj-086,yab, irë wa chipëkë wïrë wepïrï tarine wïrë warotapëkë muku,,,"por eso vine rápido, estoy trabajando, hija",,,DescCasMAJ,
desccasmaj-087,yab, mïntë wïrë mëjtane pïnika tajtekene tarine wïrë naiche ta,,,"allá será que me está esperando, me vine rápido",,,DescCasMAJ,
desccasmaj-088,yab, nopejra mërë wa ma nope patakatojpan pïnirë mërë,,,así no más ese no va a salir bien,,,DescCasMAJ,
desccasmaj-089,yab, wïrë muku pëkë,,,con mis hijos,,,DescCasMAJ,
desccasmaj-090,yab, kwatojpe mërë surukuru,,,porque estás apurada?,,,DescCasMAJ,
desccasmaj-091,yab, enirë nopejra patakari warë sere mañuku,,,"ahorita, sale malo, el casabe, el mañoco",,,DescCasMAJ,
desccasmaj-092,yab, tasujre chipokono makë,,,porque está aguado,,,DescCasMAJ,
desccasmaj-093,yab, nopejra,,,está malo,,,DescCasMAJ,
desccasmaj-094,yab, nopejra,,,,,,DescCasMAJ,
desccasmaj-095,yab, tawara ma wïrë,,,,,,DescCasMAJ,
desccasmaj-096,yab, irëjpë neke ne warë yëjpë yëjpë rë,,,después las plantas,,,DescCasMAJ,
desccasmaj-097,yab, warë kamprake rë chi yawë neke ne,,,"así, cuando están más grandes",,,DescCasMAJ,
desccasmaj-098,yab, nope,,,¿está bien?,,,DescCasMAJ,
desccasmaj-099,yab, enirë marë intompijkë waretasapë,,,ahora todavía apenas están saliendo las hojas,,,DescCasMAJ,
desccasmaj-100,yab, marë ta ta wïrë,,,todavía digo yo,,,DescCasMAJ,
desccasmaj-101,yab, mërë wa chipokono tasujre,,,por eso está aguado,,,DescCasMAJ,
desccasmaj-102,yab, wa chipëkë wïrë taro,,,por eso digo,,,DescCasMAJ,
desccasmaj-103,yab, najmo sere kajra sejpëjtëkë,,,abuela no pregunten por casabe,,,DescCasMAJ,
desccasmaj-104,yab, wïrë yamanëja sere yapijtompe wïrë tejwetune wïrë,,,"yo no hago casabe, estoy vieja y enferma",,,DescCasMAJ,
desccasmaj-105,yab, anajpïrï mërë inija ka terepunu maniki,,,¿ustedes no han visto que su abuelo está enfermo,,,DescCasMAJ,
desccasmaj-106,yab, kwase wïrë warotari,,,¿cómo trabajo?,,,DescCasMAJ,
desccasmaj-107,yab, ta wïrë uyatïrïrï wïrë parurujne wïrë yawakarijra tarojra,,,"digo yo, mi conuco, no voy a sembrar platano, no digo",,,DescCasMAJ,
desccasmaj-108,yab, ëmo pokono uyënkano pëkë,,,estoy pensando de tu papá,,,DescCasMAJ,
desccasmaj-109,yab, mërë takï sere pëkë ana warotari,,,así trabajamos con la yuca,,,DescCasMAJ,
desccasmaj-110,yab, warotase tawarajra takï toto seremari,,,"trabajando (mucho), así no comen los criollos",,,DescCasMAJ,
desccasmaj-111,yab, arepa waraij yamanë ta temekun pëkë,,,"hace arepa, en su mano",,,DescCasMAJ,
desccasmaj-112,yab, tujtëri nope,,,comen bien,,,DescCasMAJ,
desccasmaj-113,yab, irë wejtane ejnë,,,a pesar de eso nosotros,,,DescCasMAJ,
desccasmaj-114,yab, irë wejtane tawarajra ana warotase,,,sin embargo así no trabajamos nosotros,,,DescCasMAJ,
desccasmaj-115,yab, ejnë yemekunu tatune,,,nuestra mano es caliente,,,DescCasMAJ,
desccasmaj-116,yab, eni morone sukase senijne,,,"esto duele, todo, estos",,,DescCasMAJ,
desccasmaj-117,yab, tatune sere chipëkë,,,porque el casabe es caliente,,,DescCasMAJ,
desccasmaj-118,yab, inkë wïrë yemekunu wïrë wïrë parankanari warë,,,"mira, mis manos, mi olla es así",,,DescCasMAJ,
desccasmaj-119,yab, taj wïrë naijtopo morone sënkase poijpë mjm,,,"taj! cuando yo hago duele, se acabaron mis uñas, aja",,,DescCasMAJ,
desccasmaj-120,yab, toto,,,los criollos ###,,,DescCasMAJ,
desccasmaj-121,yab, ejnë yajka yawë rë,,,cuando limpiamos,,,DescCasMAJ,
desccasmaj-122,yab, ejnë yemekun poijpë përëtëri sukase rë,,,por eso nuestras uñas de las manos se quiebran todo,,,DescCasMAJ,
desccasmaj-123,yab, mërë wa chipokono pïrarë,,,por eso no hay,,,DescCasMAJ,
desccasmaj-124,yab, yënkase achikïpe nwarë pemekï ke,,,tanto limpiar acaba el sucio,,,DescCasMAJ,
desccasmaj-125a,yab, pïrarë,,,no hay,,,DescCasMAJ,
desccasmaj-125b,yab, pïrarë,,,‎‘no hay,,,DescCasMAJ,
desccasmaj-126,yab, tawara ta ta wïrë ya,,,así digo yo,,,DescCasMAJ,
desccasmaj-127,yab, kwa ta yatun yawë chej chej chej chej,,,"así en el día, chas, chas, chas, arrancando",,,DescCasMAJ,
desccasmaj-128,yab, yatun pokono warotanë,,,trabajamos todos los día,,,DescCasMAJ,
desccasmaj-129,yab, warë ejnë chipokono,,,por eso estamos así,,,DescCasMAJ,
desccasmaj-130,yab, tarine ma,,,,,,DescCasMAJ,
desccasmaj-131,yab, ejnë yemekunu,,,la mano de uno,,,DescCasMAJ,
desccasmaj-132,yab, tarine ma ejnë tuma yemeri apo,,,entre tanto comemos la comida rápido,,,DescCasMAJ,
desccasmaj-133,yab, pïrarë tawara,,,igual no hay,,,DescCasMAJ,
desccasmaj-134,yab, ati yaka ejnë tëtojpe tënsen yenipëkë,,,"para ir al conuco, tomamos la bebida",,,DescCasMAJ,
desccasmaj-135,yab, arokatë,,,difícil,,,DescCasMAJ,
desccasmaj-136,yab, arokatono takï ana,,,es difícil para nosotros,,,DescCasMAJ,
desccasmaj-137,yab, arokatë ana,,,es dificil para nosotros,,,DescCasMAJ,
desccasmaj-138,yab, tëtumpe ana chiri,,,(el trabajo) es muy fuerte para nosotros,,,DescCasMAJ,
desccasmaj-139,yab, irë wa chipëkë sënkapëtijpë pïnika ejnë najmotom pano,,,por eso sera que nuestras abuelas se murieron,,,DescCasMAJ,
desccasmaj-140,yab, warotakem parë,,,y los trabajadores,,,DescCasMAJ,
desccasmaj-141,yab, mërë wa chipokon ta wïrë mukuton sëmpinuku yawë,,,"por eso, cuando se mueren mis hijos",,,DescCasMAJ,
desccasmaj-142,yab, cha wïrë mukuru warotase wïrë këyamajpë,,,,,,DescCasMAJ,
desccasmaj-143,yab, ta wïrë ya wïrë mukuton pëkë wïrë ëjpïnï wïrë sëmori,,,"así digo sobre mis hijos, yo me acuerdo y lloro",,,DescCasMAJ,
desccasmaj-144,yab, wïrë tajteke ne,,,así digo yo,,,DescCasMAJ,
desccasmaj-145,yab, makëton sënkapëjse papatom sënkapëjse najpïtom sënkapëjse,,,"mis madres, padres, abuelos se murieron",,,DescCasMAJ,
desccasmaj-146,yab, irë wa chipëkë wïrë ëjpïnï,,,,,,DescCasMAJ,
desccasmaj-147,yab, ëinjëi ëinjëi ëinjëi,,,,,,DescCasMAJ,
desccasmaj-148,yab, pa papa wejtano wëra wïrë ta wïrë,,,,,,DescCasMAJ,
desccasmaj-149,yab, papa serematano wëra wïrë seremari,,,parece que mi papá está comiendo y yo estoy comiendo,,,DescCasMAJ,
desccasmaj-150,yab, papa sukutaka yëntano wëra wïrë sukutaka yëni wïrë ya,,,"parece que  estuviera mi papá tomando yucuta, cuando yo tomo yucuta",,,DescCasMAJ,
desccasmaj-151,yab, warë wïrë waimuru wïrë wïrë samori kojpaye,,,"así digo yo, y lloro de noche",,,DescCasMAJ,
desccasmaj-152,yab, nope ne wïrë wïnïkïja,,,no duermo bien,,,DescCasMAJ,
desccasmaj-153,yab, warë wïrë waraijtori terepunu rërë,,,ahora mi marido está enfermo,,,DescCasMAJ,
desccasmaj-154,yab, tëwï ma pïnika,,,hasta ahí no más,,,DescCasMAJ,
desccasmaj-155,yab, chi anïkï waraij kërë,,,que es ese animal,,,DescCasMAJ,
desccasmaj-156,yab, werewere,,,mosca,,,DescCasMAJ,
desccasmaj-157,yab, wïrë sëmaja rë wïrë,,,yo no estoy muerta todavía,,,DescCasMAJ,
desccasmaj-158,yab, marë wïrë këtaja rë,,,todavía no me podrí,,,DescCasMAJ,
desccasmaj-159,yab, chiri ma pïnika enirë ka,,,"eso será, ahora?",,,DescCasMAJ,
histpajirdi-001,yab, kërë chijpë ma,,,era ese,,,HistPajIrDi,
histpajirdi-002,yab, seresaj pïnika kwase ne seresaj pïnika,,,"estaba asustado será, como sera que estaba asustado",,,HistPajIrDi,
histpajirdi-003,yab, warë tatojpase,,,así lo pegó,,,HistPajIrDi,
histpajirdi-004,yab, warë ti kajkë warë,,,"otra vez, diga otra vez",,,HistPajIrDi,
histpajirdi-005,yab, kajkë ti warë,,,diga otra vez,,,HistPajIrDi,
histpajirdi-006,yab, tawara wejsapë tawara iwanene yakërë,,,"así estaba, así estaba con su suegra",,,HistPajIrDi,
histpajirdi-007,yab, imuku sëmajpë të tëwï yakërë ma,,,"desde que murió su hijo, con ella",,,HistPajIrDi,
histpajirdi-008,yab, wachori ne wejtane ka awanenei pano juanita yakërë wejtane,,,"aunque tenía su mujer, la finada tu tía juanita",,,HistPajIrDi,
histpajirdi-009,yab, tëwï ne tapojtëja chijpë tëwï ya,,,él no la quería a ella,,,HistPajIrDi,
histpajirdi-010,yab, mëwë wïrë ya mërë yakaramasaj yawë,,,te voy a matar si lo cuentas,,,HistPajIrDi,
histpajirdi-011,yab, mëwë wïrë ya ta ti wejsaj ta,,,"te voy a matar, dijo",,,HistPajIrDi,
histpajirdi-012,yab, tëwï pajarito pano ya,,,el finado Pajarito,,,HistPajIrDi,
histpajirdi-013,yab, irë wa chipëkë tarachin pe,,,por eso de miedo (no lo contó lo que ella había visto),,,HistPajIrDi,
histpajirdi-014,yab, tëwï pëkë mëchiri,,,por que estás con eso,,,HistPajIrDi,
histpajirdi-015,yab, kwatojpe mëchiri awanenei takï kërë taropo wejtane,,,"porque eres (así), esa es tu suegra, aunque ella quería decir",,,HistPajIrDi,
histpajirdi-016,yab, tataja ti wejsapë tijyapamïkë,,,no contaba de pena,,,HistPajIrDi,
histpajirdi-017,yab, mëwë wïrë ya,,,te voy a matar,,,HistPajIrDi,
histpajirdi-018,yab, wïrë pëkë mëtampa yawë mëweseyu yawë mëyënsamï yawë,,,"cuando te enojas conmigo, cuando estás bravo, cuando estás celosa",,,HistPajIrDi,
histpajirdi-019,yab, mëwë wïrë ya ta ti wejsaj ta tëwï pano ya,,,"te voy a matar, decía el finado",,,HistPajIrDi,
histpajirdi-020,yab, irë wa chipëkë tëwï tarachin wejsapë,,,por eso ella tenía miedo,,,HistPajIrDi,
histpajirdi-021,yab, irë wa chipëkë sukuri jwama ta marë tejwejse senejkari,,,"por eso estaba callada así, ### estaba",,,HistPajIrDi,
histpajirdi-022,yab, asamo ti tejwej po wejtane asamo ti aaa wïrë waijtërijpë,,,"lloraba aunque estaba en su chichorro, lloraba, ay! mi cabeza",,,HistPajIrDi,
histpajirdi-023,yab, ejnë wanenei yakërë na ka panakanë,,,con la suegra de uno no se puede bromear,,,HistPajIrDi,
histpajirdi-024,yab, yawoton takï tawara wejsemï ta ti wejsaj ta,,,así será que son los espíritus,,,HistPajIrDi,
histpajirdi-025,yab, awanenei pano juanita pano ya,,,"la finada tu tía, Juanita",,,HistPajIrDi,
histpajirdi-026,yab, warë takï ta wejsaj ta asamo ti tëwï,,,"!‘así decía, lloraba",,,HistPajIrDi,
histpajirdi-027,yab, warë wanene wanita pan ka,,,"así, mi tía Juanita",,,HistPajIrDi,
histpajirdi-028,yab, mmm,,,,,,HistPajIrDi,
histpajirdi-029,yab, tanijpë wejsapë,,,decía,,,HistPajIrDi,
histpajirdi-030,yab, mmm,,,,,,HistPajIrDi,
histpajirdi-031,yab, aniki pana tanijpë wejsapë,,,a quien lo dijo?,,,HistPajIrDi,
histpajirdi-032,yab, aniki pano ta ta,,,!‘¿quién dijo?,,,HistPajIrDi,
histpajirdi-033,yab, tëwï pano aniki pinchi,,,"el finado, este",,,HistPajIrDi,
histpajirdi-034,yab, iwaraijto pano,,,el finado su esposo?,,,HistPajIrDi,
histpajirdi-035,yab, waraijto pana taropo wejtane iwanenei yakërë chipokon ta,,,aunque le quería decir a su marido porque estaba con su suegra,,,HistPajIrDi,
histpajirdi-036,yab, tataropo wejtane,,,aunque le quería decir,,,HistPajIrDi,
histpajirdi-037,yab, mëwaimu yawë mëyënsamï yawë mëwë wïrë ya ta ti wejsaj ta tëwï ya,,,"cuando hables, cuando estés celosa, te mato, dijo",,,HistPajIrDi,
histpajirdi-038,yab, irë wa chipëkë tarachini ti wejsaj ta,,,por eso tenía miedo,,,HistPajIrDi,
histpajirdi-039,yab, tejwej po ma ta asamo ti ta ta,,,en su chinchorro lloraba pues,,,HistPajIrDi,
histpajirdi-040,yab, tinaka ijtëja takërë wïnïkïja,,,"no iba donde ella, no dormía con ella",,,HistPajIrDi,
histpajirdi-041,yab, kwase wïrë wejtojpe,,,¿cómo voy a estar?,,,HistPajIrDi,
histpajirdi-042,yab, ëkëjna wïrë tëtojpe ta ti wejsaj ta tëwï ya,,,¿dónde voy? decía ella,,,HistPajIrDi,
histpajirdi-043,yab, wanene wanita pano,,,mi tía Juanita,,,HistPajIrDi,
histpajirdi-044,yab, tawara ta ti ta ta tajin ta,,,"así decía, decía",,,HistPajIrDi,
histpajirdi-045,yab, warë ta waimukontomo tëwïsantomo,,,así hablaban ellos,,,HistPajIrDi,
histpajirdi-046,yab, asamo ti asamori,,,lloraba y lloraba,,,HistPajIrDi,
histpajirdi-047,yab, mërë warë na ka,,,`¿será que así era?,,,HistPajIrDi,
histpajirdi-048,yab, kwase wïrë waraijtori wïrë pojtëni ne,,,¿cómo hago para que mi esposo me quiera?,,,HistPajIrDi,
histpajirdi-049,yab, takërë wïrë wïnïkïrï,,,con él voy a dormir,,,HistPajIrDi,
histpajirdi-050,yab, takërë wïrë seremari,,,con él voy a comer,,,HistPajIrDi,
histpajirdi-051,yab, tawara ne wïrë pojtë ta wïrë waraijtori aniki yantojpe,,,"así quiero mi marido, con quién me voy a casar",,,HistPajIrDi,
histpajirdi-052,yab, ta ti wejsaj ta awanenei pano ya,,,así decía tu tía,,,HistPajIrDi,
histpajirdi-053,yab, wa chipokon ti ta ta tawara,,,por eso decía así,,,HistPajIrDi,
histpajirdi-054,yab, tawara tëwïjpë sënkase tëwïjpë,,,así se acabo,,,HistPajIrDi,
histpajirdi-055,yab, dane tajtojpe neke ne,,,el que le dicen Dane,,,HistPajIrDi,
histpajirdi-056,yab, toto turu pe tase perdonajtëse tëwïjpë,,,"como dicen los criollos, lo perdonó",,,HistPajIrDi,
histpajirdi-057,yab, wa irëjpë chi tarë ati yaka wejsapë ati yaka wejpëjsejne,,,"después como eso, en el conuco, vinieron al conuco",,,HistPajIrDi,
histpajirdi-058,yab, tajne wejsapë yamankë,,,"después de que llegaron, (dijeron) componlo (los pescados)",,,HistPajIrDi,
histpajirdi-059,yab, yamankë tënësen warai enirë wepïkontomo ta ti wejsaj ta tëwï ya,,,"prepara como los pescados, van a venir ahora, dijo él",,,HistPajIrDi,
histpajirdi-060,yab, aniki,,,¿quién?,,,HistPajIrDi,
histpajirdi-061,yab, najtejpë,,,,,,HistPajIrDi,
histpajirdi-062,yab, pajarito pano ya,,,,,,HistPajIrDi,
histpajirdi-063,yab, wïrë yatïrï yakëtëkë me,,,tala mi conuco,,,HistPajIrDi,
histpajirdi-064,yab, wïrë yatïrï tojpatojpe mërë ya ta ta,,,para que tumbes mi conuco,,,HistPajIrDi,
histpajirdi-065,yab, tatïrïjpë pano anïkï pinchi,,,"el conuco del finado, este",,,HistPajIrDi,
histpajirdi-066,yab, korokoro pano tajtoj maniki,,,el que se llamaba Corocoro,,,HistPajIrDi,
histpajirdi-067,yab, waraijtokomo tëwï yatïrï ati kampra,,,"el hombre, su conuco, era conuco grande",,,HistPajIrDi,
histpajirdi-068,yab, ati kamprari sukase waraimo parë warai,,,"un conuco grande, y como ñame",,,HistPajIrDi,
histpajirdi-069,yab, waraimo warai sukase yawakase ta tëwï,,,"como ñame, sembró todo él",,,HistPajIrDi,
histpajirdi-070,yab, warë sëmase,,,así se  murió,,,HistPajIrDi,
histpajirdi-071,yab, wa tanëmëse,,,así lo dejó,,,HistPajIrDi,
histpajirdi-072,yab, irë wa chipëkë tëwï nëmëjpë ma tëwï teretajpë ma wejsapë tëwï,,,por eso lo que él dejó era ese sembrado de él,,,HistPajIrDi,
histpajirdi-073,yab, pajarito,,,Pajarito,,,HistPajIrDi,
histpajirdi-074,yab, wa ti ta tajne ya,,,así decían ellos,,,HistPajIrDi,
histpajirdi-075,yab, kïmïi kase ijtë ti,,,iba a sacar ají,,,HistPajIrDi,
histpajirdi-076,yab, iwanenei yojse ma ijtë ti ati yaka,,,iba nada más a fornicar a su suegra en el conuco,,,HistPajIrDi,
histpajirdi-077,yab, ijtë asamo ti wejsapë,,,ahí estaba llorando,,,HistPajIrDi,
histpajirdi-078,yab, tee nopejra ta wïrë waraijtori,,,ay! mi esposo es malo,,,HistPajIrDi,
histpajirdi-079,yab, kwase wïrë wejtojpe,,,¿cómo voy a estar?,,,HistPajIrDi,
histpajirdi-080,yab, ta ta mërë wa chipokon ka wïrë yakërë wïnïkïjnari,,,"decía, por eso será que no duerme conmigo",,,HistPajIrDi,
histpajirdi-081,yab, wïrë yakërë wïchirijnari wïrëjpë waraijtori,,,conmigo no está mi marido,,,HistPajIrDi,
histpajirdi-082,yab, tëwï ka wanene wanita,,,,,,HistPajIrDi,
histpajirdi-083,yab, yanë ka wejsapë tëwï,,,¿era la mamá de Juanita?,,,HistPajIrDi,
histpajirdi-084,yab, tëwï pïnirë,,,¿no es esa?,,,HistPajIrDi,
histpajirdi-085,yab, yanë pïnirë pipi toma yanë,,,"no era su mamá, era la mamá de mi hermano Tomás",,,HistPajIrDi,
histpajirdi-086,yab, onono rë tëwï,,,esa es otra,,,HistPajIrDi,
histpajirdi-087,yab, onono rë,,,otra,,,HistPajIrDi,
histpajirdi-088,yab, wa chipëkë tëpëkë ma imuku neke n tarë kamere yawankase ta wïrë ya,,,"por eso, de eso su hijo lo mató un rayo",,,HistPajIrDi,
histpajirdi-089,yab, tëwïjpë wejse takërë wejse tawara taiche wa chipëkë wakïjpejra wejsapë,,,"el vino, con ese vino, así lo hizo, por eso no me gustaba",,,HistPajIrDi,
histpajirdi-090,yab, samo ti kojpaye,,,lloraba de noche,,,HistPajIrDi,
histpajirdi-091,yab, kwase ne ëkëtë wïrë waraijtori wïrë yopotojpe nopano ne wïrë pojtëni ne,,,"### dónde voy a buscar marido, yo quiero uno bueno",,,HistPajIrDi,
histpajirdi-092,yab, takërë wïrë wïnïjtojpe ne wïrë pojtëpori,,,"para yo dormir con él, yo quiero",,,HistPajIrDi,
histpajirdi-093,yab, ta ti ta wejsaj ta tëwï ya wanita ya,,,"decía ella, Juanita",,,HistPajIrDi,
histpajirdi-094,yab, samo ti wejsapë,,,lloraba,,,HistPajIrDi,
histpajirdi-095,yab, irë wejtane yajtëpe ka tewenke wejsapë,,,a pesar de eso al principio ella no sabía?,,,HistPajIrDi,
histpajirdi-096,yab, tewenke tarë wanene takërë ta chipëkë ta,,,"no sabía, la suegra estaba con él, porque lo decían.",,,HistPajIrDi,
histpajirdi-097,yab, wa chipëkë mërë warai tawara chijpëkonton ti ta ta,,,"por eso como eso así estaban, decía",,,HistPajIrDi,
histpajirdi-098,yab, chi ta wïrë tase ta tawara tëwïjpë takërë chijpë warai,,,parece que estuviera con ella,,,HistPajIrDi,
histpajirdi-099,yab, terepuntase ti warë,,,se enfermó así,,,HistPajIrDi,
histpajirdi-100,yab, picha yënëjpë tërë pëtase,,,"después de haber comido capuchino, se privó",,,HistPajIrDi,
histpajirdi-101,yab, warë tajropo wejsapë warë,,,así se enfermó,,,HistPajIrDi,
histpajirdi-102,yab, anoto ke tai,,,con onoto,,,HistPajIrDi,
histpajirdi-103,yab, anoto ke tayapimajpë,,,!con onoto ## empeoró,,,HistPajIrDi,
histpajirdi-104,yab, tatojpase pïmï poye,,,le pegó por el cuello,,,HistPajIrDi,
histpajirdi-105,yab, pa tuj warë iij,,,"le pegó pam! pum! así, dijo uy!",,,HistPajIrDi,
histpajirdi-106,yab, tëwï takï tajne ya yapïchija wejsapë iriyawë,,,ellos no lo agarraron en ese momento,,,HistPajIrDi,
histpajirdi-107,yab, yakaramaja,,,no contaron,,,HistPajIrDi,
histpajirdi-108,yab, wa irëjpë ne kërë tajnomo pikuwa tajtoj maniki ta ta wïrë ya,,,"así después, el piaroa que le dicen Picua, digo yo",,,HistPajIrDi,
histpajirdi-109,yab, tëwï tojpase ëjmiya poye,,,el le pegó cuando estaban en el barranco,,,HistPajIrDi,
histpajirdi-110,yab, mëyatïrïrï yakëtëja wïrë ya,,,yo no tumbo tu conuco,,,HistPajIrDi,
histpajirdi-111,yab, mërë wïrë yepemaja,,,tú no pagas,,,HistPajIrDi,
histpajirdi-112,yab, ta ti wejsaj ta tëwï waraijtokomo ya irë wa chipëkë ti,,,así dijo ese hombre por eso,,,HistPajIrDi,
histpajirdi-113,yab, tatojpase,,,le pegó,,,HistPajIrDi,
histpajirdi-114,yab, mëtojpa wïrë,,,te voy a matar a golpes,,,HistPajIrDi,
histpajirdi-115,yab, kwase mëwarotapojra wïrë yakërë,,,cómo no quieres trabajar conmigo?,,,HistPajIrDi,
histpajirdi-116,yab, waraijtokompe wejtane tëpëkëpene warotapojnari,,,"aunque es hombre, no quería trabajar solo",,,HistPajIrDi,
histpajirdi-117,yab, wa chijpë ti tëwï ta ta tajne yakaramari,,,por eso la gente cuenta,,,HistPajIrDi,
histpajirdi-118,yab, samo ti tuj,,,lloró y se fue corriendo,,,HistPajIrDi,
histpajirdi-119,yab, warë tëwï ti ijtë yawë tuj puj,,,"así cuando se iba, pum (se golpeó)",,,HistPajIrDi,
histpajirdi-120,yab, taa mïntë tëpu pïnika wejsapë warë,,,ta! allá será que había una piedra,,,HistPajIrDi,
histpajirdi-121,yab, taa senijpë përëtëse tichikimurujpë përëtëse,,,"ta! esto se quebró, su rodilla se quebró",,,HistPajIrDi,
histpajirdi-122,yab, ijtë ma supuj ïj,,,ahí se zambulló (pa salir más lejos),,,HistPajIrDi,
histpajirdi-123,yab, romona ijtëse,,,se fue río abajo,,,HistPajIrDi,
histpajirdi-124,yab, romona mërë ta inija,,,"río abajo! y tú, no has visto",,,HistPajIrDi,
histpajirdi-125,yab, mëyewenke ta tëwïjna paraiso ya mëyewenke,,,"tu no conoces por allá? Lo que llaman paraiso, no conoces?",,,HistPajIrDi,
histpajirdi-126,yab, uyewenkejra utëjpë taji rë tëwïjna,,,"yo conozco, yo he ido allá",,,HistPajIrDi,
histpajirdi-127,yab, ëjmiya inwape marë ta sakau takï,,,"abajito del barranco, hay playa",,,HistPajIrDi,
histpajirdi-128,yab, sakau pe tëwï poye ti kïrïrï,,,"la playa, por ahí se arrastraba (ideo)",,,HistPajIrDi,
histpajirdi-129,yab, kïrïrï kïrïrï warë ëjkïrïpase ijtëse mïjna pota pana,,,"chu, chu, así se iba arrastrando allá, hacia la orilla",,,HistPajIrDi,
histpajirdi-130,yab, aaa irëjpë takereti yawa ti wejse takërë rë warë,,,"ah, después ellos vinieron a buscarlo, así con él",,,HistPajIrDi,
histpajirdi-131,yab, tajne nankase takerejtomo ya,,,sus familiares lo encontraron,,,HistPajIrDi,
histpajirdi-132,yab, warë tajne kuyarari naiche tajne kojpaye,,,así ellos fueron a buscar su curiara de noche,,,HistPajIrDi,
histpajirdi-133,yab, tarachinkontom pe,,,por miedo,,,HistPajIrDi,
histpajirdi-134,yab, kojpaye tajne yanïjse tajne yarijtëri,,,"por la noche lo llamaron, lo embarcaron",,,HistPajIrDi,
histpajirdi-135,yab, uuu ta ti uuu tarë tayëwujse,,,cuando lo llamaron uuu! contestó uuu!,,,HistPajIrDi,
histpajirdi-136,yab, poo sëmaja rë ïmparë ta ti tajne ya,,,"uy! todavía no se murió, dijeron",,,HistPajIrDi,
histpajirdi-137,yab, tajne yarijtëse kuyara yaka,,,ellos lo embarcaron en la curiara,,,HistPajIrDi,
histpajirdi-138,yab, tajne yarëse kojpaye,,,ellos lo llevaron de noche,,,HistPajIrDi,
histpajirdi-139,yab, ijpu yaka,,,río arriba,,,HistPajIrDi,
histpajirdi-140,yab, mërë ajti pinchi wayawarito tajtoj poye,,,"ese, como se llama, por donde dicen Guayabalito",,,HistPajIrDi,
histpajirdi-141,yab, tëwïjna tajne yarëse tëwïjpë,,,allá lo llevaron a él,,,HistPajIrDi,
histpajirdi-142,yab, tëwï waraijtokomo,,,al hombre?,,,HistPajIrDi,
histpajirdi-143,yab, mmm tëwï waraijtokomo warë,,,sí al hombre así,,,HistPajIrDi,
histpajirdi-144,yab, yawo pano ya yakaramase tëwï,,,mi tió conto eso,,,HistPajIrDi,
histpajirdi-145,yab, tatojpase,,,le pegó,,,HistPajIrDi,
histpajirdi-146,yab, toto tojpase ta tëwï tarë,,,una persona lo mató,,,HistPajIrDi,
histpajirdi-147,yab, kërë maniki neke n ti,,,aquel,,,HistPajIrDi,
histpajirdi-148,yab, pipi toma rejandro pano,,,"mi hermano Tomás, el finado Alejandro",,,HistPajIrDi,
histpajirdi-149,yab, warë tajne yarëse ta,,,así lo llevaron,,,HistPajIrDi,
histpajirdi-150,yab, sarë wejpëjsejne toto yanïjse,,,vinieron para acá a llamar al criollo (en este caso al comisario),,,HistPajIrDi,
histpajirdi-151,yab, irario taji iriyawë wejsapë komisario pe irario wejsapë,,,Hilario era en ese momento comisario,,,HistPajIrDi,
histpajirdi-152,yab, tajne yapëjse wejsapë tëwï,,,ellos lo agarraron,,,HistPajIrDi,
histpajirdi-153,yab, tajne pompëjse wejsapë,,,ellos lo amarraron’ ,,,HistPajIrDi,
histpajirdi-154,yab, tajne yenïjtëse sarë romona,,,"ellos lo bajaron hacia acá, rio abajo",,,HistPajIrDi,
histpajirdi-155,yab, mmm wa chijpë takï tëwï,,,así fue eso,,,HistPajIrDi,
histpajirdi-156,yab, mërë wa chi yëmpataka,,,así se conoce,,,HistPajIrDi,
histpajirdi-157,yab, tëwï pajarito pan ta sëmase yakucho të,,,Pajarito se murió en Ayacucho,,,HistPajIrDi,
histpajirdi-158,yab, tëpëkëpene,,,solo,,,HistPajIrDi,
histpajirdi-159,yab, preso yawë wejsapë iyajtëpe,,,primero estuvo en la carcel,,,HistPajIrDi,
histpajirdi-160,yab, wa irëjpë tajne sojpase,,,y después lo sacaron,,,HistPajIrDi,
histpajirdi-161,yab, tëpëkëpene,,,solo,,,HistPajIrDi,
histpajirdi-162,yab, yapijtompe pïnika wejsapë,,,será que estaba viejito?,,,HistPajIrDi,
histpajirdi-163,yab, yapijtompejra muku yapijtompe wejtane wa narë ma,,,"no era tan viejo, hija, aunque era más o menos viejo",,,HistPajIrDi,
histpajirdi-164,yab, marë yatanë rë,,,todavía era jóven?,,,HistPajIrDi,
histpajirdi-165,yab, kwase tesekemï mënï,,,¿cómo se llama eso?,,,HistPajIrDi,
histpajirdi-166,yab, kwase tesekemï tëwï,,,¿como se llama eso?,,,HistPajIrDi,
histpajirdi-167,yab, karinawa ta ta tëwï tuna,,,le dicen Carinagua a ese río,,,HistPajIrDi,
histpajirdi-168,yab, karinawa tajtopo tëwï tuna,,,Se llama Carinagua ese caño,,,HistPajIrDi,
histpajirdi-169,yab, mïntë yakucho të,,,"allá, en Ayacucho",,,HistPajIrDi,
histpajirdi-170,yab, warë wïrë muku yerepunu,,,así la enfermedad de mi hijo,,,HistPajIrDi,
histpajirdi-171,yab, amore ti ta ta,,,parece que es chamán,,,HistPajIrDi,
histpajirdi-172,yab, wa irëjpë wïrë muku mëkï aniki pinchi manïkï,,,"después mi hijo, aquel",,,HistPajIrDi,
histpajirdi-173,yab, pipi neto ta,,,mi hermano Nestor,,,HistPajIrDi,
histpajirdi-174,yab, kwase tesekemï kërë pejkaw,,,¿cómo se llama ese pescado?,,,HistPajIrDi,
histpajirdi-175,yab, parumeta,,,palometa,,,HistPajIrDi,
histpajirdi-176,yab, warenton tajtoj manïkï,,,que le dicen valentón,,,HistPajIrDi,
histpajirdi-177,yab, wïrë yënëse wejsapë wïrë muku pïjkë waputase wejsapë,,,yo comi (y) mi hijito se puso barrigón,,,HistPajIrDi,
histpajirdi-178,yab, warë wïrë tëse yakucho të,,,así fui a Ayacucho,,,HistPajIrDi,
histpajirdi-179,yab, wïrë wejsapë asakë nunë,,,yo estuve dos meses,,,HistPajIrDi,
histpajirdi-180,yab, ayakono,,,tu hermano menor,,,HistPajIrDi,
histpajirdi-181,yab, ayakono apachi pïnika,,,"tu hermano menor, tu hermana mayor será",,,HistPajIrDi,
histpajirdi-182,yab, kareme ta,,,Carmen pues,,,HistPajIrDi,
histpajirdi-183,yab, wïrë pachiri,,,es mi hermana mayor,,,HistPajIrDi,
histpajirdi-184,yab, ë'ë apachiri,,,"sí, tu hermana mayor",,,HistPajIrDi,
histpajirdi-185,yab, wïrë tëse yakucho pana wejsapë tësaj yawë ta,,,"yo fui a Ayacucho, cuando fue a Ayaucho",,,HistPajIrDi,
histpajirdi-186,yab, tichikimuru peti warë patakasapë yakucho pana,,,"su rodilla, su pierna, salió (llaga) hacia Ayacucho",,,HistPajIrDi,
histpajirdi-187,yab, asakë nunë wïrë wejsapë yakucho të ojpital yawë wejtane,,,yo estuve dos meses en Puerto Ayacuho aunque estaba en el hospotal,,,HistPajIrDi,
histpajirdi-188,yab, iriyawë ana tësaj yawë,,,cuando nosotros nos fuimos,,,HistPajIrDi,
histpajirdi-189,yab, wa wïrë tëse tëwïjna,,,así fui para allá,,,HistPajIrDi,
histpajirdi-190,yab, enijpëtë semana wejtojpe wejsapë mëyakereti sëmase mëyakereti sëmase,,,"habiendo pasado una semana (se escuchó), se murió tu familiar, se murió tu familiar",,,HistPajIrDi,
histpajirdi-191,yab, mmm sëmari,,,"sí, se murió",,,HistPajIrDi,
histpajirdi-192,yab, toto yawankanijpë kërë ta wïrë,,,ese mato una persona,,,HistPajIrDi,
histpajirdi-193,yab, tase wïrë ya,,,así dije yo,,,HistPajIrDi,
histpajirdi-194,yab, pajarito pano,,,el finado Pajarito?,,,HistPajIrDi,
histpajirdi-195,yab, toto yawankanijpë kërë,,,el era asesino,,,HistPajIrDi,
histpajirdi-196,yab, iwanenei pano,,,la finada su suegra,,,HistPajIrDi,
histpajirdi-197,yab, iwanenei ti,,,su suegra,,,HistPajIrDi,
histpajirdi-198,yab, pënapïti,,,###,,,HistPajIrDi,
histpajirdi-199,yab, warë takono warë tajnontomo tojpase ta,,,"así otro, mató a Piaroas",,,HistPajIrDi,
histpajirdi-200,yab, wa chipokono tajne yarëri irë yëmpataka,,,"por eso se lo llevaron, !por fin",,,HistPajIrDi,
histpajirdi-201,yab, irario taji irario wara taji finado lencho pan pïnika tajne yarëse pompëjse yampëjse tajne yarëse wejsapë,,,"Hilario o el finado Lencho, se lo llevaron amarrado, agarrado se lo llevaron",,,HistPajIrDi,
histpajirdi-202,yab, tëwï pano,,,ese el finado ###,,,HistPajIrDi,
histpajirdi-203,yab, kampra ka wejsapë tëwï waraijtokomo makë,,,"ese hombre era grande, mamá?",,,HistPajIrDi,
histpajirdi-204,yab, pajarito ka,,,Pajarito?,,,HistPajIrDi,
histpajirdi-205,yab, kamprari mërë inija ka kërë ëpi adrian marë wëra irë wejtane intipijkë ma kawë,,,"grande, no has visto a tu hermano Adrián, pero un poquito más grande",,,HistPajIrDi,
histpajirdi-206,yab, mmm kasoremï,,,"sí, gordo",,,HistPajIrDi,
histpajirdi-207,yab, wa chijpë ti takërë ta,,,así era con él,,,HistPajIrDi,
histpajirdi-208,yab, pipi waika wëra,,,Como mi hermano Guaica?,,,HistPajIrDi,
histpajirdi-209,yab, ma kampra pe sa,,,todavía más grande,,,HistPajIrDi,
histpajirdi-210,yab, kawë sa,,,un poquito alto,,,HistPajIrDi,
histpajirdi-211,yab, wa chijpë ti tëwï toto yawankanijpë toto tojpapëjnijpë përëjpëjse yëye ke ej,,,"así era él, mataba gente, le pegaba a la gente, los quebraba con palo, uy!",,,HistPajIrDi,
histpajirdi-212,yab, tëwï ne tëwï takï nopejra tawara,,,eso si no sirve así,,,HistPajIrDi,
histpajirdi-213,yab, wa chijpë tëwï ta wïrë ya,,,"así era él, digo yo",,,HistPajIrDi,
histpajirdi-214,yab, tëwï ësënkatojpe ta wïrë tajtojpe tewenkejra wejtojpe tëwï,,,"para terminar, para yo decir para que él sepa",,,HistPajIrDi,
histpajirdi-215,yab, wïrë waimuru tayapëjtojpe tase wïrë ya kërë pëkë irë wa chipëkë tanijpë tëri tase wïrë wejse,,,"para que graben mis palabras, dije yo, voy para decirle sobre él, vine a decir",,,HistPajIrDi,
histpajirdi-216,yab, wïrë yënkano tapëkë warë,,,para decir lo que pienso,,,HistPajIrDi,
histpajirdi-217,yab, wa chijpë takï tëwï,,,así era él,,,HistPajIrDi,
histpajirdi-218,yab, tajne yawanka yëmpataka,,,para ellos matar,,,HistPajIrDi,
histpajirdi-219,yab, ësëma turu pejra rë,,,aunque no quería morirse,,,HistPajIrDi,
histpajirdi-220,yab, pïrarë turu pïrarë toti,,,"no había comida (de no carne) frutas, casabe, no había comida de carne",,,HistPajIrDi,
histpajirdi-221,yab, tïkïnï ma tï weroro ma ti yokï ta,,,"su cria, el perro, lo cogía",,,HistPajIrDi,
histpajirdi-222,yab, tee,,,uy!,,,HistPajIrDi,
histpajirdi-223,yab, wa chijpë ti tëwï pano,,,así era el finado,,,HistPajIrDi,
histpajirdi-224,yab, pajarito pano,,,el finado Pajarito?,,,HistPajIrDi,
histpajirdi-225,yab, tëwïjna wajiwoton ijtëri,,,"allá, iban los Guajibos",,,HistPajIrDi,
histpajirdi-226,yab, sere yarëse turu,,,"a llevar casabe, su comida",,,HistPajIrDi,
histpajirdi-227,yab, sere intompïjkë ma tajne turu mañuku pïjkë intipijkë ma tajne turu,,,"un casabe pequeño le daba, mañoquito un poquito le daban",,,HistPajIrDi,
histpajirdi-228,yab, anïkï pinchi kërë parumeta sapowara tajtoj manïkï kwase neke ne kururu wëra wejtane,,,"como es es ese, palometa, sapoara que le dicen, como es, aunque se parece como boca chico",,,HistPajIrDi,
histpajirdi-229,yab, kochari keremere manïkï tëwï,,,el del rabo pintadito ese,,,HistPajIrDi,
histpajirdi-230,yab, wa chijpë ti tëwï,,,así era ese,,,HistPajIrDi,
histpajirdi-231,yab, wa irëjpë tajne yakaramase sëmase ti sëmase sëmase,,,"después ellos avisaron, se murió, se murió, se murió",,,HistPajIrDi,
histpajirdi-232,yab, tajne nono yakase ijtë ma tajne mujnajtëse ti nono yaka,,,"ellos le hicieron hueco a la tierra, ahí mismo lo enterraron dentro de la tierra",,,HistPajIrDi,
histpajirdi-233,yab, tëwïsantomo wajiwotomo ya,,,"ellos, los Guajibos",,,HistPajIrDi,
histpajirdi-234,yab, tajne yanontëse pïnika mïntë onono,,,"será que otros lo mandaban (a hacer), allá",,,HistPajIrDi,
histpajirdi-235,yab, mmm,,,,,,HistPajIrDi,
histpajirdi-236,yab, wa sëmajpë ti tëwï tajne mujnajtëse tëwï ijtë ma,,,"así murió, lo enterraron ahí",,,HistPajIrDi,
histpajirdi-237,yab, aaa mëyakerej sëmase aj inche utërijra,,,"ah, tu familia se murió, aj! no voy a ver",,,HistPajIrDi,
histpajirdi-238,yab, wïrë mukuru intipijkë rë wïrë iñawë anïkï neke n ti anïkï pinchi wïrë inawë wïrë wenkejse,,,"mi hijo pequeño que está conmigo, quien era, se me olvido",,,HistPajIrDi,
histpajirdi-239,yab, ëpi pan pïnika ta wïrë ya,,,"tu hermano mayor, pienso",,,HistPajIrDi,
histpajirdi-240,yab, jesu pano,,,el finado Jesús,,,HistPajIrDi,
histpajirdi-241,yab, warë wïrë wejse yakucho pana chijpë tëwï warë sëmajpë takï tëwï waraijtokomo,,,"así me vine después de que estaba en Puerto Ayacucho, él se murió así, así era ese hombre",,,HistPajIrDi,
histpajirdi-242,yab, tëwï ma wïrë ya yawano pe wejtojpe wïrë ya taro tanijpë wïrë ya,,,"eso nada más que me enteré digo, así digo yo",,,HistPajIrDi,
histpajirdi-243,yab, makë,,,,,,HistPajIrDi,
histpajirdi-244,yab, yawo tamanaku tawara,,,mi tío Tamanaco,,,HistPajIrDi,
histpajirdi-245,yab, yanë ka,,,su mama,,,HistPajIrDi,
histpajirdi-246,yab, aniki wejsapë yanë ta wïrë,,,"quién fue su mamá?, digo",,,HistPajIrDi,
histpajirdi-247,yab, ëmo yan pan ta wanene pano tëwï muku takï kërë,,,"la finada mamá de tu papá, la finada mi suegra, ese es su hijo",,,HistPajIrDi,
histpajirdi-248,yab, jose negrito tajtoj kërëke imu,,,"su papá es José negrito, para decir kïrïki",,,HistPajIrDi,
histpajirdi-249,yab, mïntë sopojpo mïjna paru jpu yaka ti ti chi yawë,,,,,,HistPajIrDi,
histpajirdi-250,yab, sepamïjpë ti takërë jose negrito tajtopo waraijtokomo kërëkemï,,,"se casó, con ese que dice José negrito, el negro",,,HistPajIrDi,
histpajirdi-251,yab, tëwï mukurujpë takï kërë tamanaku,,,ese Tamanaco es hijo de él,,,HistPajIrDi,
histpajirdi-252,yab, wa chipëkë wïrë papa yakino ka,,,"por eso, es el hermano menor de mi papá?",,,HistPajIrDi,
histpajirdi-253,yab, ë'ë takino taro,,,"sí,  su hermano menor, dice",,,HistPajIrDi,
histpajirdi-254,yab, takinori tëwï,,,ese es su hermano,,,HistPajIrDi,
histpajirdi-255,yab, wa chijpë ti tëwï tarë,,,por eso es así,,,HistPajIrDi,
histpajirdi-256,yab, tesej nï teseti pesemïne,,,"su nombre, su nombre propio",,,HistPajIrDi,
histpajirdi-257,yab, anïkï teseti,,,¿quien su nombre?,,,HistPajIrDi,
histpajirdi-258,yab, tëwï,,,él,,,HistPajIrDi,
histpajirdi-259,yab, tëwï yawo tamanaku,,,ese mi tío Tamanaco,,,HistPajIrDi,
histpajirdi-260,yab, yïmu,,,su papá’?,,,HistPajIrDi,
histpajirdi-261,yab, teseti tawara ma ka tamanaku wa ma ka,,,¿su nombre es ese mismo Tamanaco así no más?,,,HistPajIrDi,
histpajirdi-262,yab, tamanaku pïnirë kwase neke teseti nope tane tesetijpë wïrë wenkejse teseti,,,"no es Tamanaco, como és, es bonito, se me olvido su nombre",,,HistPajIrDi,
histpajirdi-263,yab, awaneneij takï tewenkejra,,,tu tía si sabe,,,HistPajIrDi,
histpajirdi-264,yab, wa chipëkë tëwï,,,por qué él,,,HistPajIrDi,
histpajirdi-265,yab, mërë wa chipokono ta wïrë ya tëwï ka tamanaku ejnë yakerej pesemïnë ka makë ta wïrë ya,,,"por eso, el nuestra propia familia?",,,HistPajIrDi,
histpajirdi-266,yab, onono rë imu,,,su papá es otro,,,HistPajIrDi,
histpajirdi-267,yab, onono rë imu rë wejtane yanë,,,aunque su papá es otro,,,HistPajIrDi,
histpajirdi-268,yab, mmm anajmo pokono,,,"sí, viene de tu abuela",,,HistPajIrDi,
histpajirdi-269,yab, wa ta mërë wa chipokono wïrë taro,,,por eso es que yo digo,,,HistPajIrDi,
histpajirdi-270,yab, ë'ë mëyakereti,,,"sí, tu familia",,,HistPajIrDi,
histpajirdi-271,yab, enijpëtërë ma tëwï maniki,,,el es el único?,,,HistPajIrDi,
histpajirdi-272,yab, ësëmase mmm pamo pano rosarita,,,"se murió, mi cuñada, Rosarita",,,HistPajIrDi,
histpajirdi-273,yab, yakucho të,,,en Ayacucho,,,HistPajIrDi,
histpajirdi-274,yab, sëmase tëwï,,,se murió ella,,,HistPajIrDi,
histpajirdi-275,yab, yakucho të sëmase,,,se murió en Ayacucho,,,HistPajIrDi,
histpajirdi-276,yab, warë sëmajpëkontomo tëwï ta ta wïrë ya,,,"así se murieron, digo",,,HistPajIrDi,
histpajirdi-277,yab, wa chipëkë tajne koñarë tawayunka wejsapë,,,por eso estaban preguntando ellos ayer,,,HistPajIrDi,
histpajirdi-278,yab, tëwï ne mëyakerej ka,,,el es tu familia?,,,HistPajIrDi,
histpajirdi-279,yab, awata tase wïrë makë,,,"no sé, dijo mi mamá",,,HistPajIrDi,
histpajirdi-280,yab, nope takï tëwï yeseti tamanaku yeseti,,,"!Su nombre es bonito, el nombre de Tamanaco",,,HistPajIrDi,
histpajirdi-281,yab, wïrë papa yakerej ti ta wejsaj ta ipiri takinori,,,"es familia de mi papá, dije, su hermano mayor, su hemano menor",,,HistPajIrDi,
histpajirdi-282,yab, wa pïnika takino pïnika ta wejsaj wïrë ya,,,"así será, será su hermano menor, dije",,,HistPajIrDi,
histpajirdi-283,yab, takino rë ma iruij tarëya,,,su hermano menor de su hermano mayor,,,HistPajIrDi,
histpajirdi-284,yab, irë wejtane upapa terepun wejtane wepïja tarë,,,"a pesar de eso, a pesar de mi papa está enfermo, no viene",,,HistPajIrDi,
histpajirdi-285,yab, ijtë ma wejtane,,,aunque está ahí,,,HistPajIrDi,
histpajirdi-286,yab, entë ma ka sawë të,,,"aquí, en el chorro?",,,HistPajIrDi,
